-- phpMyAdmin SQL Dump
-- version 5.2.1
-- https://www.phpmyadmin.net/
--
-- Máy chủ: 127.0.0.1
-- Thời gian đã tạo: Th4 07, 2025 lúc 07:22 PM
-- Phiên bản máy phục vụ: 10.4.32-MariaDB
-- Phiên bản PHP: 8.2.12

SET SQL_MODE = "NO_AUTO_VALUE_ON_ZERO";
START TRANSACTION;
SET time_zone = "+00:00";


/*!40101 SET @OLD_CHARACTER_SET_CLIENT=@@CHARACTER_SET_CLIENT */;
/*!40101 SET @OLD_CHARACTER_SET_RESULTS=@@CHARACTER_SET_RESULTS */;
/*!40101 SET @OLD_COLLATION_CONNECTION=@@COLLATION_CONNECTION */;
/*!40101 SET NAMES utf8mb4 */;

--
-- Cơ sở dữ liệu: `survey_system`
--

-- --------------------------------------------------------

--
-- Cấu trúc bảng cho bảng `admin_users`
--

CREATE TABLE `admin_users` (
  `id` int(11) NOT NULL,
  `username` varchar(50) NOT NULL,
  `password` varchar(255) NOT NULL,
  `email` varchar(100) NOT NULL,
  `full_name` varchar(100) DEFAULT NULL,
  `created_at` timestamp NOT NULL DEFAULT current_timestamp()
) ENGINE=InnoDB DEFAULT CHARSET=utf8mb4 COLLATE=utf8mb4_general_ci;

--
-- Đang đổ dữ liệu cho bảng `admin_users`
--

INSERT INTO `admin_users` (`id`, `username`, `password`, `email`, `full_name`, `created_at`) VALUES
(1, 'admin', '$2y$10$1xsMMJfFek7eTsr3D7mfpOUe2uWC26NERnsQAdfOFdAjItJZ37Jza', 'admin@example.com', 'Administrator', '2025-04-06 18:19:50');

-- --------------------------------------------------------

--
-- Cấu trúc bảng cho bảng `answers`
--

CREATE TABLE `answers` (
  `id` int(11) NOT NULL,
  `response_id` int(11) NOT NULL,
  `question_id` int(11) NOT NULL,
  `option_id` int(11) NOT NULL,
  `created_at` timestamp NOT NULL DEFAULT current_timestamp()
) ENGINE=InnoDB DEFAULT CHARSET=utf8mb4 COLLATE=utf8mb4_general_ci;

--
-- Đang đổ dữ liệu cho bảng `answers`
--

INSERT INTO `answers` (`id`, `response_id`, `question_id`, `option_id`, `created_at`) VALUES
(1, 1, 1, 1, '2025-04-07 17:13:20'),
(2, 1, 2, 7, '2025-04-07 17:13:20'),
(3, 1, 2, 9, '2025-04-07 17:13:20'),
(4, 1, 3, 12, '2025-04-07 17:13:20'),
(5, 1, 4, 17, '2025-04-07 17:13:20'),
(6, 1, 5, 22, '2025-04-07 17:13:20'),
(7, 2, 1, 2, '2025-04-07 17:13:20'),
(8, 2, 2, 8, '2025-04-07 17:13:20'),
(9, 2, 3, 13, '2025-04-07 17:13:20'),
(10, 2, 4, 18, '2025-04-07 17:13:20'),
(11, 2, 5, 23, '2025-04-07 17:13:20'),
(12, 3, 1, 3, '2025-04-07 17:13:20'),
(13, 3, 2, 10, '2025-04-07 17:13:20'),
(14, 3, 3, 14, '2025-04-07 17:13:20'),
(15, 3, 4, 16, '2025-04-07 17:13:20'),
(16, 3, 5, 21, '2025-04-07 17:13:20'),
(17, 4, 1, 4, '2025-04-07 17:13:20'),
(18, 4, 2, 11, '2025-04-07 17:13:20'),
(19, 4, 3, 15, '2025-04-07 17:13:20'),
(20, 4, 4, 19, '2025-04-07 17:13:20'),
(21, 4, 5, 20, '2025-04-07 17:13:20'),
(22, 5, 1, 5, '2025-04-07 17:13:20'),
(23, 5, 2, 7, '2025-04-07 17:13:20'),
(24, 5, 3, 16, '2025-04-07 17:13:20'),
(25, 5, 4, 15, '2025-04-07 17:13:20'),
(26, 5, 5, 22, '2025-04-07 17:13:20'),
(27, 6, 1, 6, '2025-04-07 17:13:20'),
(28, 6, 2, 9, '2025-04-07 17:13:20'),
(29, 6, 2, 11, '2025-04-07 17:13:20'),
(30, 6, 3, 12, '2025-04-07 17:13:20'),
(31, 6, 4, 17, '2025-04-07 17:13:20'),
(32, 6, 5, 21, '2025-04-07 17:13:20'),
(33, 7, 1, 1, '2025-04-07 17:13:20'),
(34, 7, 2, 8, '2025-04-07 17:13:20'),
(35, 7, 2, 10, '2025-04-07 17:13:20'),
(36, 7, 3, 13, '2025-04-07 17:13:20'),
(37, 7, 4, 18, '2025-04-07 17:13:20'),
(38, 7, 5, 23, '2025-04-07 17:13:20'),
(39, 8, 1, 2, '2025-04-07 17:13:20'),
(40, 8, 2, 7, '2025-04-07 17:13:20'),
(41, 8, 3, 14, '2025-04-07 17:13:20'),
(42, 8, 4, 16, '2025-04-07 17:13:20'),
(43, 8, 5, 20, '2025-04-07 17:13:20'),
(44, 9, 1, 3, '2025-04-07 17:13:20'),
(45, 9, 2, 9, '2025-04-07 17:13:20'),
(46, 9, 3, 15, '2025-04-07 17:13:20'),
(47, 9, 4, 19, '2025-04-07 17:13:20'),
(48, 9, 5, 22, '2025-04-07 17:13:20'),
(49, 10, 1, 4, '2025-04-07 17:13:20'),
(50, 10, 2, 11, '2025-04-07 17:13:20'),
(51, 10, 3, 16, '2025-04-07 17:13:20'),
(52, 10, 4, 15, '2025-04-07 17:13:20'),
(53, 10, 5, 21, '2025-04-07 17:13:20'),
(54, 11, 1, 5, '2025-04-07 17:13:20'),
(55, 11, 2, 7, '2025-04-07 17:13:20'),
(56, 11, 2, 8, '2025-04-07 17:13:20'),
(57, 11, 3, 12, '2025-04-07 17:13:20'),
(58, 11, 4, 17, '2025-04-07 17:13:20'),
(59, 11, 5, 23, '2025-04-07 17:13:20'),
(60, 12, 1, 6, '2025-04-07 17:13:20'),
(61, 12, 2, 9, '2025-04-07 17:13:20'),
(62, 12, 3, 13, '2025-04-07 17:13:20'),
(63, 12, 4, 18, '2025-04-07 17:13:20'),
(64, 12, 5, 20, '2025-04-07 17:13:20'),
(65, 13, 1, 1, '2025-04-07 17:13:20'),
(66, 13, 2, 10, '2025-04-07 17:13:20'),
(67, 13, 3, 14, '2025-04-07 17:13:20'),
(68, 13, 4, 16, '2025-04-07 17:13:20'),
(69, 13, 5, 22, '2025-04-07 17:13:20'),
(70, 14, 1, 2, '2025-04-07 17:13:20'),
(71, 14, 2, 11, '2025-04-07 17:13:20'),
(72, 14, 3, 15, '2025-04-07 17:13:20'),
(73, 14, 4, 19, '2025-04-07 17:13:20'),
(74, 14, 5, 21, '2025-04-07 17:13:20'),
(75, 15, 1, 3, '2025-04-07 17:13:20'),
(76, 15, 2, 7, '2025-04-07 17:13:20'),
(77, 15, 3, 16, '2025-04-07 17:13:20'),
(78, 15, 4, 15, '2025-04-07 17:13:20'),
(79, 15, 5, 23, '2025-04-07 17:13:20'),
(80, 16, 1, 4, '2025-04-07 17:13:20'),
(81, 16, 2, 8, '2025-04-07 17:13:20'),
(82, 16, 3, 12, '2025-04-07 17:13:20'),
(83, 16, 4, 17, '2025-04-07 17:13:20'),
(84, 16, 5, 20, '2025-04-07 17:13:20'),
(85, 17, 1, 5, '2025-04-07 17:13:20'),
(86, 17, 2, 9, '2025-04-07 17:13:20'),
(87, 17, 2, 10, '2025-04-07 17:13:20'),
(88, 17, 3, 13, '2025-04-07 17:13:20'),
(89, 17, 4, 18, '2025-04-07 17:13:20'),
(90, 17, 5, 22, '2025-04-07 17:13:20'),
(91, 18, 1, 6, '2025-04-07 17:13:20'),
(92, 18, 2, 11, '2025-04-07 17:13:20'),
(93, 18, 3, 14, '2025-04-07 17:13:20'),
(94, 18, 4, 16, '2025-04-07 17:13:20'),
(95, 18, 5, 21, '2025-04-07 17:13:20'),
(96, 19, 1, 1, '2025-04-07 17:13:20'),
(97, 19, 2, 7, '2025-04-07 17:13:20'),
(98, 19, 3, 15, '2025-04-07 17:13:20'),
(99, 19, 4, 19, '2025-04-07 17:13:20'),
(100, 19, 5, 23, '2025-04-07 17:13:20'),
(101, 20, 1, 2, '2025-04-07 17:13:20'),
(102, 20, 2, 8, '2025-04-07 17:13:20'),
(103, 20, 3, 16, '2025-04-07 17:13:20'),
(104, 20, 4, 15, '2025-04-07 17:13:20'),
(105, 20, 5, 20, '2025-04-07 17:13:20'),
(106, 21, 1, 3, '2025-04-07 17:13:20'),
(107, 21, 2, 9, '2025-04-07 17:13:20'),
(108, 21, 2, 11, '2025-04-07 17:13:20'),
(109, 21, 3, 12, '2025-04-07 17:13:20'),
(110, 21, 4, 17, '2025-04-07 17:13:20'),
(111, 21, 5, 22, '2025-04-07 17:13:20'),
(112, 22, 1, 4, '2025-04-07 17:13:20'),
(113, 22, 2, 10, '2025-04-07 17:13:20'),
(114, 22, 3, 13, '2025-04-07 17:13:20'),
(115, 22, 4, 18, '2025-04-07 17:13:20'),
(116, 22, 5, 21, '2025-04-07 17:13:20'),
(117, 23, 1, 5, '2025-04-07 17:13:20'),
(118, 23, 2, 7, '2025-04-07 17:13:20'),
(119, 23, 3, 14, '2025-04-07 17:13:20'),
(120, 23, 4, 16, '2025-04-07 17:13:20'),
(121, 23, 5, 23, '2025-04-07 17:13:20'),
(122, 24, 1, 6, '2025-04-07 17:13:20'),
(123, 24, 2, 8, '2025-04-07 17:13:20'),
(124, 24, 3, 15, '2025-04-07 17:13:20'),
(125, 24, 4, 19, '2025-04-07 17:13:20'),
(126, 24, 5, 20, '2025-04-07 17:13:20'),
(127, 25, 1, 1, '2025-04-07 17:13:20'),
(128, 25, 2, 9, '2025-04-07 17:13:20'),
(129, 25, 3, 16, '2025-04-07 17:13:20'),
(130, 25, 4, 15, '2025-04-07 17:13:20'),
(131, 25, 5, 22, '2025-04-07 17:13:20'),
(132, 26, 1, 2, '2025-04-07 17:13:20'),
(133, 26, 2, 10, '2025-04-07 17:13:20'),
(134, 26, 2, 11, '2025-04-07 17:13:20'),
(135, 26, 3, 12, '2025-04-07 17:13:20'),
(136, 26, 4, 17, '2025-04-07 17:13:20'),
(137, 26, 5, 21, '2025-04-07 17:13:20'),
(138, 27, 1, 3, '2025-04-07 17:13:20'),
(139, 27, 2, 7, '2025-04-07 17:13:20'),
(140, 27, 3, 13, '2025-04-07 17:13:20'),
(141, 27, 4, 18, '2025-04-07 17:13:20'),
(142, 27, 5, 23, '2025-04-07 17:13:20'),
(143, 28, 1, 4, '2025-04-07 17:13:20'),
(144, 28, 2, 8, '2025-04-07 17:13:20'),
(145, 28, 3, 14, '2025-04-07 17:13:20'),
(146, 28, 4, 16, '2025-04-07 17:13:20'),
(147, 28, 5, 20, '2025-04-07 17:13:20'),
(148, 29, 1, 5, '2025-04-07 17:13:20'),
(149, 29, 2, 9, '2025-04-07 17:13:20'),
(150, 29, 3, 15, '2025-04-07 17:13:20'),
(151, 29, 4, 19, '2025-04-07 17:13:20'),
(152, 29, 5, 22, '2025-04-07 17:13:20'),
(153, 30, 1, 6, '2025-04-07 17:13:20'),
(154, 30, 2, 10, '2025-04-07 17:13:20'),
(155, 30, 3, 16, '2025-04-07 17:13:20'),
(156, 30, 4, 15, '2025-04-07 17:13:20'),
(157, 30, 5, 21, '2025-04-07 17:13:20'),
(158, 31, 1, 1, '2025-04-07 17:13:20'),
(159, 31, 2, 7, '2025-04-07 17:13:20'),
(160, 31, 2, 8, '2025-04-07 17:13:20'),
(161, 31, 3, 12, '2025-04-07 17:13:20'),
(162, 31, 4, 17, '2025-04-07 17:13:20'),
(163, 31, 5, 23, '2025-04-07 17:13:20'),
(164, 32, 1, 2, '2025-04-07 17:13:20'),
(165, 32, 2, 9, '2025-04-07 17:13:20'),
(166, 32, 3, 13, '2025-04-07 17:13:20'),
(167, 32, 4, 18, '2025-04-07 17:13:20'),
(168, 32, 5, 20, '2025-04-07 17:13:20'),
(169, 33, 1, 3, '2025-04-07 17:13:20'),
(170, 33, 2, 10, '2025-04-07 17:13:20'),
(171, 33, 3, 14, '2025-04-07 17:13:20'),
(172, 33, 4, 16, '2025-04-07 17:13:20'),
(173, 33, 5, 22, '2025-04-07 17:13:20'),
(174, 34, 1, 4, '2025-04-07 17:13:20'),
(175, 34, 2, 11, '2025-04-07 17:13:20'),
(176, 34, 3, 15, '2025-04-07 17:13:20'),
(177, 34, 4, 19, '2025-04-07 17:13:20'),
(178, 34, 5, 21, '2025-04-07 17:13:20'),
(179, 35, 1, 5, '2025-04-07 17:13:20'),
(180, 35, 2, 7, '2025-04-07 17:13:20'),
(181, 35, 3, 16, '2025-04-07 17:13:20'),
(182, 35, 4, 15, '2025-04-07 17:13:20'),
(183, 35, 5, 23, '2025-04-07 17:13:20'),
(184, 36, 1, 6, '2025-04-07 17:13:20'),
(185, 36, 2, 8, '2025-04-07 17:13:20'),
(186, 36, 3, 12, '2025-04-07 17:13:20'),
(187, 36, 4, 17, '2025-04-07 17:13:20'),
(188, 36, 5, 20, '2025-04-07 17:13:20'),
(189, 37, 1, 1, '2025-04-07 17:13:20'),
(190, 37, 2, 9, '2025-04-07 17:13:20'),
(191, 37, 2, 10, '2025-04-07 17:13:20'),
(192, 37, 3, 13, '2025-04-07 17:13:20'),
(193, 37, 4, 18, '2025-04-07 17:13:20'),
(194, 37, 5, 22, '2025-04-07 17:13:20'),
(195, 38, 1, 2, '2025-04-07 17:13:20'),
(196, 38, 2, 11, '2025-04-07 17:13:20'),
(197, 38, 3, 14, '2025-04-07 17:13:20'),
(198, 38, 4, 16, '2025-04-07 17:13:20'),
(199, 38, 5, 21, '2025-04-07 17:13:20'),
(200, 39, 1, 3, '2025-04-07 17:13:20'),
(201, 39, 2, 7, '2025-04-07 17:13:20'),
(202, 39, 3, 15, '2025-04-07 17:13:20'),
(203, 39, 4, 19, '2025-04-07 17:13:20'),
(204, 39, 5, 23, '2025-04-07 17:13:20'),
(205, 40, 1, 4, '2025-04-07 17:13:20'),
(206, 40, 2, 8, '2025-04-07 17:13:20'),
(207, 40, 3, 16, '2025-04-07 17:13:20'),
(208, 40, 4, 15, '2025-04-07 17:13:20'),
(209, 40, 5, 20, '2025-04-07 17:13:20'),
(210, 41, 1, 5, '2025-04-07 17:13:20'),
(211, 41, 2, 9, '2025-04-07 17:13:20'),
(212, 41, 2, 11, '2025-04-07 17:13:20'),
(213, 41, 3, 12, '2025-04-07 17:13:20'),
(214, 41, 4, 17, '2025-04-07 17:13:20'),
(215, 41, 5, 22, '2025-04-07 17:13:20'),
(216, 42, 1, 6, '2025-04-07 17:13:20'),
(217, 42, 2, 10, '2025-04-07 17:13:20'),
(218, 42, 3, 13, '2025-04-07 17:13:20'),
(219, 42, 4, 18, '2025-04-07 17:13:20'),
(220, 42, 5, 21, '2025-04-07 17:13:20'),
(221, 43, 1, 1, '2025-04-07 17:13:20'),
(222, 43, 2, 7, '2025-04-07 17:13:20'),
(223, 43, 3, 14, '2025-04-07 17:13:20'),
(224, 43, 4, 16, '2025-04-07 17:13:20'),
(225, 43, 5, 23, '2025-04-07 17:13:20'),
(226, 44, 1, 2, '2025-04-07 17:13:20'),
(227, 44, 2, 8, '2025-04-07 17:13:20'),
(228, 44, 3, 15, '2025-04-07 17:13:20'),
(229, 44, 4, 19, '2025-04-07 17:13:20'),
(230, 44, 5, 20, '2025-04-07 17:13:20'),
(231, 45, 1, 3, '2025-04-07 17:13:20'),
(232, 45, 2, 9, '2025-04-07 17:13:20'),
(233, 45, 3, 16, '2025-04-07 17:13:20'),
(234, 45, 4, 15, '2025-04-07 17:13:20'),
(235, 45, 5, 22, '2025-04-07 17:13:20'),
(236, 46, 1, 4, '2025-04-07 17:13:20'),
(237, 46, 2, 10, '2025-04-07 17:13:20'),
(238, 46, 2, 11, '2025-04-07 17:13:20'),
(239, 46, 3, 12, '2025-04-07 17:13:20'),
(240, 46, 4, 17, '2025-04-07 17:13:20'),
(241, 46, 5, 21, '2025-04-07 17:13:20'),
(242, 47, 1, 5, '2025-04-07 17:13:20'),
(243, 47, 2, 7, '2025-04-07 17:13:20'),
(244, 47, 3, 13, '2025-04-07 17:13:20'),
(245, 47, 4, 18, '2025-04-07 17:13:20'),
(246, 47, 5, 23, '2025-04-07 17:13:20'),
(247, 48, 1, 6, '2025-04-07 17:13:20'),
(248, 48, 2, 8, '2025-04-07 17:13:20'),
(249, 48, 3, 14, '2025-04-07 17:13:20'),
(250, 48, 4, 16, '2025-04-07 17:13:20'),
(251, 48, 5, 20, '2025-04-07 17:13:20'),
(252, 49, 1, 1, '2025-04-07 17:13:20'),
(253, 49, 2, 9, '2025-04-07 17:13:20'),
(254, 49, 3, 15, '2025-04-07 17:13:20'),
(255, 49, 4, 19, '2025-04-07 17:13:20'),
(256, 49, 5, 22, '2025-04-07 17:13:20'),
(257, 50, 1, 2, '2025-04-07 17:13:20'),
(258, 50, 2, 10, '2025-04-07 17:13:20'),
(259, 50, 3, 16, '2025-04-07 17:13:20'),
(260, 50, 4, 15, '2025-04-07 17:13:20'),
(261, 50, 5, 21, '2025-04-07 17:13:20'),
(262, 51, 6, 25, '2025-04-07 17:17:10'),
(263, 51, 7, 30, '2025-04-07 17:17:10'),
(264, 51, 7, 32, '2025-04-07 17:17:10'),
(265, 51, 8, 35, '2025-04-07 17:17:10'),
(266, 51, 9, 39, '2025-04-07 17:17:10'),
(267, 51, 10, 43, '2025-04-07 17:17:10'),
(268, 52, 6, 26, '2025-04-07 17:17:10'),
(269, 52, 7, 31, '2025-04-07 17:17:10'),
(270, 52, 8, 36, '2025-04-07 17:17:10'),
(271, 52, 9, 40, '2025-04-07 17:17:10'),
(272, 52, 10, 44, '2025-04-07 17:17:10'),
(273, 53, 6, 27, '2025-04-07 17:17:10'),
(274, 53, 7, 33, '2025-04-07 17:17:10'),
(275, 53, 8, 37, '2025-04-07 17:17:10'),
(276, 53, 9, 41, '2025-04-07 17:17:10'),
(277, 53, 10, 45, '2025-04-07 17:17:10'),
(278, 54, 6, 28, '2025-04-07 17:17:10'),
(279, 54, 7, 34, '2025-04-07 17:17:10'),
(280, 54, 8, 38, '2025-04-07 17:17:10'),
(281, 54, 9, 42, '2025-04-07 17:17:10'),
(282, 54, 10, 46, '2025-04-07 17:17:10'),
(283, 55, 6, 29, '2025-04-07 17:17:10'),
(284, 55, 7, 30, '2025-04-07 17:17:10'),
(285, 55, 8, 35, '2025-04-07 17:17:10'),
(286, 55, 9, 39, '2025-04-07 17:17:10'),
(287, 55, 10, 43, '2025-04-07 17:17:10'),
(288, 56, 6, 25, '2025-04-07 17:17:10'),
(289, 56, 7, 31, '2025-04-07 17:17:10'),
(290, 56, 7, 32, '2025-04-07 17:17:10'),
(291, 56, 8, 36, '2025-04-07 17:17:10'),
(292, 56, 9, 40, '2025-04-07 17:17:10'),
(293, 56, 10, 44, '2025-04-07 17:17:10'),
(294, 57, 6, 26, '2025-04-07 17:17:10'),
(295, 57, 7, 33, '2025-04-07 17:17:10'),
(296, 57, 8, 37, '2025-04-07 17:17:10'),
(297, 57, 9, 41, '2025-04-07 17:17:10'),
(298, 57, 10, 45, '2025-04-07 17:17:10'),
(299, 58, 6, 27, '2025-04-07 17:17:10'),
(300, 58, 7, 34, '2025-04-07 17:17:10'),
(301, 58, 8, 38, '2025-04-07 17:17:10'),
(302, 58, 9, 42, '2025-04-07 17:17:10'),
(303, 58, 10, 46, '2025-04-07 17:17:10'),
(304, 59, 6, 28, '2025-04-07 17:17:10'),
(305, 59, 7, 30, '2025-04-07 17:17:10'),
(306, 59, 8, 35, '2025-04-07 17:17:10'),
(307, 59, 9, 39, '2025-04-07 17:17:10'),
(308, 59, 10, 43, '2025-04-07 17:17:10'),
(309, 60, 6, 29, '2025-04-07 17:17:10'),
(310, 60, 7, 31, '2025-04-07 17:17:10'),
(311, 60, 8, 36, '2025-04-07 17:17:10'),
(312, 60, 9, 40, '2025-04-07 17:17:10'),
(313, 60, 10, 44, '2025-04-07 17:17:10'),
(314, 61, 6, 25, '2025-04-07 17:17:10'),
(315, 61, 7, 32, '2025-04-07 17:17:10'),
(316, 61, 7, 33, '2025-04-07 17:17:10'),
(317, 61, 8, 37, '2025-04-07 17:17:10'),
(318, 61, 9, 41, '2025-04-07 17:17:10'),
(319, 61, 10, 45, '2025-04-07 17:17:10'),
(320, 62, 6, 26, '2025-04-07 17:17:10'),
(321, 62, 7, 34, '2025-04-07 17:17:10'),
(322, 62, 8, 38, '2025-04-07 17:17:10'),
(323, 62, 9, 42, '2025-04-07 17:17:10'),
(324, 62, 10, 46, '2025-04-07 17:17:10'),
(325, 63, 6, 27, '2025-04-07 17:17:10'),
(326, 63, 7, 30, '2025-04-07 17:17:10'),
(327, 63, 8, 35, '2025-04-07 17:17:10'),
(328, 63, 9, 39, '2025-04-07 17:17:10'),
(329, 63, 10, 43, '2025-04-07 17:17:10'),
(330, 64, 6, 28, '2025-04-07 17:17:10'),
(331, 64, 7, 31, '2025-04-07 17:17:10'),
(332, 64, 8, 36, '2025-04-07 17:17:10'),
(333, 64, 9, 40, '2025-04-07 17:17:10'),
(334, 64, 10, 44, '2025-04-07 17:17:10'),
(335, 65, 6, 29, '2025-04-07 17:17:10'),
(336, 65, 7, 32, '2025-04-07 17:17:10'),
(337, 65, 8, 37, '2025-04-07 17:17:10'),
(338, 65, 9, 41, '2025-04-07 17:17:10'),
(339, 65, 10, 45, '2025-04-07 17:17:10'),
(340, 66, 6, 25, '2025-04-07 17:17:10'),
(341, 66, 7, 33, '2025-04-07 17:17:10'),
(342, 66, 8, 38, '2025-04-07 17:17:10'),
(343, 66, 9, 42, '2025-04-07 17:17:10'),
(344, 66, 10, 46, '2025-04-07 17:17:10'),
(345, 67, 6, 26, '2025-04-07 17:17:10'),
(346, 67, 7, 34, '2025-04-07 17:17:10'),
(347, 67, 7, 30, '2025-04-07 17:17:10'),
(348, 67, 8, 35, '2025-04-07 17:17:10'),
(349, 67, 9, 39, '2025-04-07 17:17:10'),
(350, 67, 10, 43, '2025-04-07 17:17:10'),
(351, 68, 6, 27, '2025-04-07 17:17:10'),
(352, 68, 7, 31, '2025-04-07 17:17:10'),
(353, 68, 8, 36, '2025-04-07 17:17:10'),
(354, 68, 9, 40, '2025-04-07 17:17:10'),
(355, 68, 10, 44, '2025-04-07 17:17:10'),
(356, 69, 6, 28, '2025-04-07 17:17:10'),
(357, 69, 7, 32, '2025-04-07 17:17:10'),
(358, 69, 8, 37, '2025-04-07 17:17:10'),
(359, 69, 9, 41, '2025-04-07 17:17:10'),
(360, 69, 10, 45, '2025-04-07 17:17:10'),
(361, 70, 6, 29, '2025-04-07 17:17:10'),
(362, 70, 7, 33, '2025-04-07 17:17:10'),
(363, 70, 8, 38, '2025-04-07 17:17:10'),
(364, 70, 9, 42, '2025-04-07 17:17:10'),
(365, 70, 10, 46, '2025-04-07 17:17:10'),
(366, 71, 6, 25, '2025-04-07 17:17:10'),
(367, 71, 7, 34, '2025-04-07 17:17:10'),
(368, 71, 7, 30, '2025-04-07 17:17:10'),
(369, 71, 8, 35, '2025-04-07 17:17:10'),
(370, 71, 9, 39, '2025-04-07 17:17:10'),
(371, 71, 10, 43, '2025-04-07 17:17:10'),
(372, 72, 6, 26, '2025-04-07 17:17:10'),
(373, 72, 7, 31, '2025-04-07 17:17:10'),
(374, 72, 8, 36, '2025-04-07 17:17:10'),
(375, 72, 9, 40, '2025-04-07 17:17:10'),
(376, 72, 10, 44, '2025-04-07 17:17:10'),
(377, 73, 6, 27, '2025-04-07 17:17:10'),
(378, 73, 7, 32, '2025-04-07 17:17:10'),
(379, 73, 8, 37, '2025-04-07 17:17:10'),
(380, 73, 9, 41, '2025-04-07 17:17:10'),
(381, 73, 10, 45, '2025-04-07 17:17:10'),
(382, 74, 6, 28, '2025-04-07 17:17:10'),
(383, 74, 7, 33, '2025-04-07 17:17:10'),
(384, 74, 8, 38, '2025-04-07 17:17:10'),
(385, 74, 9, 42, '2025-04-07 17:17:10'),
(386, 74, 10, 46, '2025-04-07 17:17:10'),
(387, 75, 6, 29, '2025-04-07 17:17:10'),
(388, 75, 7, 34, '2025-04-07 17:17:10'),
(389, 75, 8, 35, '2025-04-07 17:17:10'),
(390, 75, 9, 39, '2025-04-07 17:17:10'),
(391, 75, 10, 43, '2025-04-07 17:17:10'),
(392, 76, 6, 25, '2025-04-07 17:17:10'),
(393, 76, 7, 30, '2025-04-07 17:17:10'),
(394, 76, 7, 31, '2025-04-07 17:17:10'),
(395, 76, 8, 36, '2025-04-07 17:17:10'),
(396, 76, 9, 40, '2025-04-07 17:17:10'),
(397, 76, 10, 44, '2025-04-07 17:17:10'),
(398, 77, 6, 26, '2025-04-07 17:17:10'),
(399, 77, 7, 32, '2025-04-07 17:17:10'),
(400, 77, 8, 37, '2025-04-07 17:17:10'),
(401, 77, 9, 41, '2025-04-07 17:17:10'),
(402, 77, 10, 45, '2025-04-07 17:17:10'),
(403, 78, 6, 27, '2025-04-07 17:17:10'),
(404, 78, 7, 33, '2025-04-07 17:17:10'),
(405, 78, 8, 38, '2025-04-07 17:17:10'),
(406, 78, 9, 42, '2025-04-07 17:17:10'),
(407, 78, 10, 46, '2025-04-07 17:17:10'),
(408, 79, 6, 28, '2025-04-07 17:17:10'),
(409, 79, 7, 34, '2025-04-07 17:17:10'),
(410, 79, 8, 35, '2025-04-07 17:17:10'),
(411, 79, 9, 39, '2025-04-07 17:17:10'),
(412, 79, 10, 43, '2025-04-07 17:17:10'),
(413, 80, 6, 29, '2025-04-07 17:17:10'),
(414, 80, 7, 30, '2025-04-07 17:17:10'),
(415, 80, 8, 36, '2025-04-07 17:17:10'),
(416, 80, 9, 40, '2025-04-07 17:17:10'),
(417, 80, 10, 44, '2025-04-07 17:17:10'),
(418, 81, 6, 25, '2025-04-07 17:17:10'),
(419, 81, 7, 31, '2025-04-07 17:17:10'),
(420, 81, 7, 32, '2025-04-07 17:17:10'),
(421, 81, 8, 37, '2025-04-07 17:17:10'),
(422, 81, 9, 41, '2025-04-07 17:17:10'),
(423, 81, 10, 45, '2025-04-07 17:17:10'),
(424, 82, 6, 26, '2025-04-07 17:17:10'),
(425, 82, 7, 33, '2025-04-07 17:17:10'),
(426, 82, 8, 38, '2025-04-07 17:17:10'),
(427, 82, 9, 42, '2025-04-07 17:17:10'),
(428, 82, 10, 46, '2025-04-07 17:17:10'),
(429, 83, 6, 27, '2025-04-07 17:17:10'),
(430, 83, 7, 34, '2025-04-07 17:17:10'),
(431, 83, 8, 35, '2025-04-07 17:17:10'),
(432, 83, 9, 39, '2025-04-07 17:17:10'),
(433, 83, 10, 43, '2025-04-07 17:17:10'),
(434, 84, 6, 28, '2025-04-07 17:17:10'),
(435, 84, 7, 30, '2025-04-07 17:17:10'),
(436, 84, 8, 36, '2025-04-07 17:17:10'),
(437, 84, 9, 40, '2025-04-07 17:17:10'),
(438, 84, 10, 44, '2025-04-07 17:17:10'),
(439, 85, 6, 29, '2025-04-07 17:17:10'),
(440, 85, 7, 31, '2025-04-07 17:17:10'),
(441, 85, 8, 37, '2025-04-07 17:17:10'),
(442, 85, 9, 41, '2025-04-07 17:17:10'),
(443, 85, 10, 45, '2025-04-07 17:17:10'),
(444, 86, 6, 25, '2025-04-07 17:17:10'),
(445, 86, 7, 32, '2025-04-07 17:17:10'),
(446, 86, 8, 38, '2025-04-07 17:17:10'),
(447, 86, 9, 42, '2025-04-07 17:17:10'),
(448, 86, 10, 46, '2025-04-07 17:17:10'),
(449, 87, 6, 26, '2025-04-07 17:17:10'),
(450, 87, 7, 33, '2025-04-07 17:17:10'),
(451, 87, 7, 34, '2025-04-07 17:17:10'),
(452, 87, 8, 35, '2025-04-07 17:17:10'),
(453, 87, 9, 39, '2025-04-07 17:17:10'),
(454, 87, 10, 43, '2025-04-07 17:17:10'),
(455, 88, 6, 27, '2025-04-07 17:17:10'),
(456, 88, 7, 30, '2025-04-07 17:17:10'),
(457, 88, 8, 36, '2025-04-07 17:17:10'),
(458, 88, 9, 40, '2025-04-07 17:17:10'),
(459, 88, 10, 44, '2025-04-07 17:17:10'),
(460, 89, 6, 28, '2025-04-07 17:17:10'),
(461, 89, 7, 31, '2025-04-07 17:17:10'),
(462, 89, 8, 37, '2025-04-07 17:17:10'),
(463, 89, 9, 41, '2025-04-07 17:17:10'),
(464, 89, 10, 45, '2025-04-07 17:17:10'),
(465, 90, 6, 29, '2025-04-07 17:17:10'),
(466, 90, 7, 32, '2025-04-07 17:17:10'),
(467, 90, 8, 38, '2025-04-07 17:17:10'),
(468, 90, 9, 42, '2025-04-07 17:17:10'),
(469, 90, 10, 46, '2025-04-07 17:17:10'),
(470, 91, 6, 25, '2025-04-07 17:17:10'),
(471, 91, 7, 33, '2025-04-07 17:17:10'),
(472, 91, 7, 34, '2025-04-07 17:17:10'),
(473, 91, 8, 35, '2025-04-07 17:17:10'),
(474, 91, 9, 39, '2025-04-07 17:17:10'),
(475, 91, 10, 43, '2025-04-07 17:17:10'),
(476, 92, 6, 26, '2025-04-07 17:17:10'),
(477, 92, 7, 30, '2025-04-07 17:17:10'),
(478, 92, 8, 36, '2025-04-07 17:17:10'),
(479, 92, 9, 40, '2025-04-07 17:17:10'),
(480, 92, 10, 44, '2025-04-07 17:17:10'),
(481, 93, 6, 27, '2025-04-07 17:17:10'),
(482, 93, 7, 31, '2025-04-07 17:17:10'),
(483, 93, 8, 37, '2025-04-07 17:17:10'),
(484, 93, 9, 41, '2025-04-07 17:17:10'),
(485, 93, 10, 45, '2025-04-07 17:17:10'),
(486, 94, 6, 28, '2025-04-07 17:17:10'),
(487, 94, 7, 32, '2025-04-07 17:17:10'),
(488, 94, 8, 38, '2025-04-07 17:17:10'),
(489, 94, 9, 42, '2025-04-07 17:17:10'),
(490, 94, 10, 46, '2025-04-07 17:17:10'),
(491, 95, 6, 29, '2025-04-07 17:17:10'),
(492, 95, 7, 33, '2025-04-07 17:17:10'),
(493, 95, 8, 35, '2025-04-07 17:17:10'),
(494, 95, 9, 39, '2025-04-07 17:17:10'),
(495, 95, 10, 43, '2025-04-07 17:17:10'),
(496, 96, 6, 25, '2025-04-07 17:17:10'),
(497, 96, 7, 34, '2025-04-07 17:17:10'),
(498, 96, 7, 30, '2025-04-07 17:17:10'),
(499, 96, 8, 36, '2025-04-07 17:17:10'),
(500, 96, 9, 40, '2025-04-07 17:17:10'),
(501, 96, 10, 44, '2025-04-07 17:17:10'),
(502, 97, 6, 26, '2025-04-07 17:17:10'),
(503, 97, 7, 31, '2025-04-07 17:17:10'),
(504, 97, 8, 37, '2025-04-07 17:17:10'),
(505, 97, 9, 41, '2025-04-07 17:17:10'),
(506, 97, 10, 45, '2025-04-07 17:17:10'),
(507, 98, 6, 27, '2025-04-07 17:17:10'),
(508, 98, 7, 32, '2025-04-07 17:17:10'),
(509, 98, 8, 38, '2025-04-07 17:17:10'),
(510, 98, 9, 42, '2025-04-07 17:17:10'),
(511, 98, 10, 46, '2025-04-07 17:17:10'),
(512, 99, 6, 28, '2025-04-07 17:17:10'),
(513, 99, 7, 33, '2025-04-07 17:17:10'),
(514, 99, 8, 35, '2025-04-07 17:17:10'),
(515, 99, 9, 39, '2025-04-07 17:17:10'),
(516, 99, 10, 43, '2025-04-07 17:17:10'),
(517, 100, 6, 29, '2025-04-07 17:17:10'),
(518, 100, 7, 34, '2025-04-07 17:17:10'),
(519, 100, 8, 36, '2025-04-07 17:17:10'),
(520, 100, 9, 40, '2025-04-07 17:17:10'),
(521, 100, 10, 44, '2025-04-07 17:17:10'),
(522, 101, 11, 47, '2025-04-07 17:19:46'),
(523, 101, 12, 52, '2025-04-07 17:19:46'),
(524, 101, 12, 53, '2025-04-07 17:19:46'),
(525, 101, 13, 57, '2025-04-07 17:19:46'),
(526, 101, 14, 62, '2025-04-07 17:19:46'),
(527, 101, 15, 67, '2025-04-07 17:19:46'),
(528, 102, 11, 48, '2025-04-07 17:19:46'),
(529, 102, 12, 54, '2025-04-07 17:19:46'),
(530, 102, 13, 58, '2025-04-07 17:19:46'),
(531, 102, 14, 63, '2025-04-07 17:19:46'),
(532, 102, 15, 68, '2025-04-07 17:19:46'),
(533, 103, 11, 49, '2025-04-07 17:19:46'),
(534, 103, 12, 55, '2025-04-07 17:19:46'),
(535, 103, 13, 59, '2025-04-07 17:19:46'),
(536, 103, 14, 64, '2025-04-07 17:19:46'),
(537, 103, 15, 69, '2025-04-07 17:19:46'),
(538, 104, 11, 50, '2025-04-07 17:19:46'),
(539, 104, 12, 52, '2025-04-07 17:19:46'),
(540, 104, 13, 60, '2025-04-07 17:19:46'),
(541, 104, 14, 65, '2025-04-07 17:19:46'),
(542, 104, 15, 70, '2025-04-07 17:19:46'),
(543, 105, 11, 51, '2025-04-07 17:19:46'),
(544, 105, 12, 53, '2025-04-07 17:19:46'),
(545, 105, 13, 57, '2025-04-07 17:19:46'),
(546, 105, 14, 62, '2025-04-07 17:19:46'),
(547, 105, 15, 67, '2025-04-07 17:19:46'),
(548, 106, 11, 47, '2025-04-07 17:19:46'),
(549, 106, 12, 54, '2025-04-07 17:19:46'),
(550, 106, 12, 55, '2025-04-07 17:19:46'),
(551, 106, 13, 58, '2025-04-07 17:19:46'),
(552, 106, 14, 63, '2025-04-07 17:19:46'),
(553, 106, 15, 68, '2025-04-07 17:19:46'),
(554, 107, 11, 48, '2025-04-07 17:19:46'),
(555, 107, 12, 52, '2025-04-07 17:19:46'),
(556, 107, 13, 59, '2025-04-07 17:19:46'),
(557, 107, 14, 64, '2025-04-07 17:19:46'),
(558, 107, 15, 69, '2025-04-07 17:19:46'),
(559, 108, 11, 49, '2025-04-07 17:19:46'),
(560, 108, 12, 53, '2025-04-07 17:19:46'),
(561, 108, 13, 60, '2025-04-07 17:19:46'),
(562, 108, 14, 65, '2025-04-07 17:19:46'),
(563, 108, 15, 70, '2025-04-07 17:19:46'),
(564, 109, 11, 50, '2025-04-07 17:19:46'),
(565, 109, 12, 54, '2025-04-07 17:19:46'),
(566, 109, 13, 57, '2025-04-07 17:19:46'),
(567, 109, 14, 62, '2025-04-07 17:19:46'),
(568, 109, 15, 67, '2025-04-07 17:19:46'),
(569, 110, 11, 51, '2025-04-07 17:19:46'),
(570, 110, 12, 55, '2025-04-07 17:19:46'),
(571, 110, 13, 58, '2025-04-07 17:19:46'),
(572, 110, 14, 63, '2025-04-07 17:19:46'),
(573, 110, 15, 68, '2025-04-07 17:19:46'),
(574, 111, 11, 47, '2025-04-07 17:19:46'),
(575, 111, 12, 52, '2025-04-07 17:19:46'),
(576, 111, 12, 53, '2025-04-07 17:19:46'),
(577, 111, 13, 59, '2025-04-07 17:19:46'),
(578, 111, 14, 64, '2025-04-07 17:19:46'),
(579, 111, 15, 69, '2025-04-07 17:19:46'),
(580, 112, 11, 48, '2025-04-07 17:19:46'),
(581, 112, 12, 54, '2025-04-07 17:19:46'),
(582, 112, 13, 60, '2025-04-07 17:19:46'),
(583, 112, 14, 65, '2025-04-07 17:19:46'),
(584, 112, 15, 70, '2025-04-07 17:19:46'),
(585, 113, 11, 49, '2025-04-07 17:19:46'),
(586, 113, 12, 55, '2025-04-07 17:19:46'),
(587, 113, 13, 57, '2025-04-07 17:19:46'),
(588, 113, 14, 62, '2025-04-07 17:19:46'),
(589, 113, 15, 67, '2025-04-07 17:19:46'),
(590, 114, 11, 50, '2025-04-07 17:19:46'),
(591, 114, 12, 52, '2025-04-07 17:19:46'),
(592, 114, 13, 58, '2025-04-07 17:19:46'),
(593, 114, 14, 63, '2025-04-07 17:19:46'),
(594, 114, 15, 68, '2025-04-07 17:19:46'),
(595, 115, 11, 51, '2025-04-07 17:19:46'),
(596, 115, 12, 53, '2025-04-07 17:19:46'),
(597, 115, 13, 59, '2025-04-07 17:19:46'),
(598, 115, 14, 64, '2025-04-07 17:19:46'),
(599, 115, 15, 69, '2025-04-07 17:19:46'),
(600, 116, 11, 47, '2025-04-07 17:19:46'),
(601, 116, 12, 54, '2025-04-07 17:19:46'),
(602, 116, 13, 60, '2025-04-07 17:19:46'),
(603, 116, 14, 65, '2025-04-07 17:19:46'),
(604, 116, 15, 70, '2025-04-07 17:19:46'),
(605, 117, 11, 48, '2025-04-07 17:19:46'),
(606, 117, 12, 55, '2025-04-07 17:19:46'),
(607, 117, 12, 52, '2025-04-07 17:19:46'),
(608, 117, 13, 57, '2025-04-07 17:19:46'),
(609, 117, 14, 62, '2025-04-07 17:19:46'),
(610, 117, 15, 67, '2025-04-07 17:19:46'),
(611, 118, 11, 49, '2025-04-07 17:19:46'),
(612, 118, 12, 53, '2025-04-07 17:19:46'),
(613, 118, 13, 58, '2025-04-07 17:19:46'),
(614, 118, 14, 63, '2025-04-07 17:19:46'),
(615, 118, 15, 68, '2025-04-07 17:19:46'),
(616, 119, 11, 50, '2025-04-07 17:19:46'),
(617, 119, 12, 54, '2025-04-07 17:19:46'),
(618, 119, 13, 59, '2025-04-07 17:19:46'),
(619, 119, 14, 64, '2025-04-07 17:19:46'),
(620, 119, 15, 69, '2025-04-07 17:19:46'),
(621, 120, 11, 51, '2025-04-07 17:19:46'),
(622, 120, 12, 55, '2025-04-07 17:19:46'),
(623, 120, 13, 60, '2025-04-07 17:19:46'),
(624, 120, 14, 65, '2025-04-07 17:19:46'),
(625, 120, 15, 70, '2025-04-07 17:19:46'),
(626, 121, 11, 47, '2025-04-07 17:19:46'),
(627, 121, 12, 52, '2025-04-07 17:19:46'),
(628, 121, 12, 53, '2025-04-07 17:19:46'),
(629, 121, 13, 57, '2025-04-07 17:19:46'),
(630, 121, 14, 62, '2025-04-07 17:19:46'),
(631, 121, 15, 67, '2025-04-07 17:19:46'),
(632, 122, 11, 48, '2025-04-07 17:19:46'),
(633, 122, 12, 54, '2025-04-07 17:19:46'),
(634, 122, 13, 58, '2025-04-07 17:19:46'),
(635, 122, 14, 63, '2025-04-07 17:19:46'),
(636, 122, 15, 68, '2025-04-07 17:19:46'),
(637, 123, 11, 49, '2025-04-07 17:19:46'),
(638, 123, 12, 55, '2025-04-07 17:19:46'),
(639, 123, 13, 59, '2025-04-07 17:19:46'),
(640, 123, 14, 64, '2025-04-07 17:19:46'),
(641, 123, 15, 69, '2025-04-07 17:19:46'),
(642, 124, 11, 50, '2025-04-07 17:19:46'),
(643, 124, 12, 52, '2025-04-07 17:19:46'),
(644, 124, 13, 60, '2025-04-07 17:19:46'),
(645, 124, 14, 65, '2025-04-07 17:19:46'),
(646, 124, 15, 70, '2025-04-07 17:19:46'),
(647, 125, 11, 51, '2025-04-07 17:19:46'),
(648, 125, 12, 53, '2025-04-07 17:19:46'),
(649, 125, 13, 57, '2025-04-07 17:19:46'),
(650, 125, 14, 62, '2025-04-07 17:19:46'),
(651, 125, 15, 67, '2025-04-07 17:19:46'),
(652, 126, 11, 47, '2025-04-07 17:19:46'),
(653, 126, 12, 54, '2025-04-07 17:19:46'),
(654, 126, 12, 55, '2025-04-07 17:19:46'),
(655, 126, 13, 58, '2025-04-07 17:19:46'),
(656, 126, 14, 63, '2025-04-07 17:19:46'),
(657, 126, 15, 68, '2025-04-07 17:19:46'),
(658, 127, 11, 48, '2025-04-07 17:19:46'),
(659, 127, 12, 52, '2025-04-07 17:19:46'),
(660, 127, 13, 59, '2025-04-07 17:19:46'),
(661, 127, 14, 64, '2025-04-07 17:19:46'),
(662, 127, 15, 69, '2025-04-07 17:19:46'),
(663, 128, 11, 49, '2025-04-07 17:19:46'),
(664, 128, 12, 53, '2025-04-07 17:19:46'),
(665, 128, 13, 60, '2025-04-07 17:19:46'),
(666, 128, 14, 65, '2025-04-07 17:19:46'),
(667, 128, 15, 70, '2025-04-07 17:19:46'),
(668, 129, 11, 50, '2025-04-07 17:19:46'),
(669, 129, 12, 54, '2025-04-07 17:19:46'),
(670, 129, 13, 57, '2025-04-07 17:19:46'),
(671, 129, 14, 62, '2025-04-07 17:19:46'),
(672, 129, 15, 67, '2025-04-07 17:19:46'),
(673, 130, 11, 51, '2025-04-07 17:19:46'),
(674, 130, 12, 55, '2025-04-07 17:19:46'),
(675, 130, 13, 58, '2025-04-07 17:19:46'),
(676, 130, 14, 63, '2025-04-07 17:19:46'),
(677, 130, 15, 68, '2025-04-07 17:19:46'),
(678, 131, 11, 47, '2025-04-07 17:19:46'),
(679, 131, 12, 52, '2025-04-07 17:19:46'),
(680, 131, 12, 53, '2025-04-07 17:19:46'),
(681, 131, 13, 59, '2025-04-07 17:19:46'),
(682, 131, 14, 64, '2025-04-07 17:19:46'),
(683, 131, 15, 69, '2025-04-07 17:19:46'),
(684, 132, 11, 48, '2025-04-07 17:19:46'),
(685, 132, 12, 54, '2025-04-07 17:19:46'),
(686, 132, 13, 60, '2025-04-07 17:19:46'),
(687, 132, 14, 65, '2025-04-07 17:19:46'),
(688, 132, 15, 70, '2025-04-07 17:19:46'),
(689, 133, 11, 49, '2025-04-07 17:19:46'),
(690, 133, 12, 55, '2025-04-07 17:19:46'),
(691, 133, 13, 57, '2025-04-07 17:19:46'),
(692, 133, 14, 62, '2025-04-07 17:19:46'),
(693, 133, 15, 67, '2025-04-07 17:19:46'),
(694, 134, 11, 50, '2025-04-07 17:19:46'),
(695, 134, 12, 52, '2025-04-07 17:19:46'),
(696, 134, 13, 58, '2025-04-07 17:19:46'),
(697, 134, 14, 63, '2025-04-07 17:19:46'),
(698, 134, 15, 68, '2025-04-07 17:19:46'),
(699, 135, 11, 51, '2025-04-07 17:19:46'),
(700, 135, 12, 53, '2025-04-07 17:19:46'),
(701, 135, 13, 59, '2025-04-07 17:19:46'),
(702, 135, 14, 64, '2025-04-07 17:19:46'),
(703, 135, 15, 69, '2025-04-07 17:19:46'),
(704, 136, 11, 47, '2025-04-07 17:19:46'),
(705, 136, 12, 54, '2025-04-07 17:19:46'),
(706, 136, 13, 60, '2025-04-07 17:19:46'),
(707, 136, 14, 65, '2025-04-07 17:19:46'),
(708, 136, 15, 70, '2025-04-07 17:19:46'),
(709, 137, 11, 48, '2025-04-07 17:19:46'),
(710, 137, 12, 55, '2025-04-07 17:19:46'),
(711, 137, 12, 52, '2025-04-07 17:19:46'),
(712, 137, 13, 57, '2025-04-07 17:19:46'),
(713, 137, 14, 62, '2025-04-07 17:19:46'),
(714, 137, 15, 67, '2025-04-07 17:19:46'),
(715, 138, 11, 49, '2025-04-07 17:19:46'),
(716, 138, 12, 53, '2025-04-07 17:19:46'),
(717, 138, 13, 58, '2025-04-07 17:19:46'),
(718, 138, 14, 63, '2025-04-07 17:19:46'),
(719, 138, 15, 68, '2025-04-07 17:19:46'),
(720, 139, 11, 50, '2025-04-07 17:19:46'),
(721, 139, 12, 54, '2025-04-07 17:19:46'),
(722, 139, 13, 59, '2025-04-07 17:19:46'),
(723, 139, 14, 64, '2025-04-07 17:19:46'),
(724, 139, 15, 69, '2025-04-07 17:19:46'),
(725, 140, 11, 51, '2025-04-07 17:19:46'),
(726, 140, 12, 55, '2025-04-07 17:19:46'),
(727, 140, 13, 60, '2025-04-07 17:19:46'),
(728, 140, 14, 65, '2025-04-07 17:19:46'),
(729, 140, 15, 70, '2025-04-07 17:19:46'),
(730, 141, 11, 47, '2025-04-07 17:19:46'),
(731, 141, 12, 52, '2025-04-07 17:19:46'),
(732, 141, 12, 53, '2025-04-07 17:19:46'),
(733, 141, 13, 57, '2025-04-07 17:19:46'),
(734, 141, 14, 62, '2025-04-07 17:19:46'),
(735, 141, 15, 67, '2025-04-07 17:19:46'),
(736, 142, 11, 48, '2025-04-07 17:19:46'),
(737, 142, 12, 54, '2025-04-07 17:19:46'),
(738, 142, 13, 58, '2025-04-07 17:19:46'),
(739, 142, 14, 63, '2025-04-07 17:19:46'),
(740, 142, 15, 68, '2025-04-07 17:19:46'),
(741, 143, 11, 49, '2025-04-07 17:19:46'),
(742, 143, 12, 55, '2025-04-07 17:19:46'),
(743, 143, 13, 59, '2025-04-07 17:19:46'),
(744, 143, 14, 64, '2025-04-07 17:19:46'),
(745, 143, 15, 69, '2025-04-07 17:19:46'),
(746, 144, 11, 50, '2025-04-07 17:19:46'),
(747, 144, 12, 52, '2025-04-07 17:19:46'),
(748, 144, 13, 60, '2025-04-07 17:19:46'),
(749, 144, 14, 65, '2025-04-07 17:19:46'),
(750, 144, 15, 70, '2025-04-07 17:19:46'),
(751, 145, 11, 51, '2025-04-07 17:19:46'),
(752, 145, 12, 53, '2025-04-07 17:19:46'),
(753, 145, 13, 57, '2025-04-07 17:19:46'),
(754, 145, 14, 62, '2025-04-07 17:19:46'),
(755, 145, 15, 67, '2025-04-07 17:19:46'),
(756, 146, 11, 47, '2025-04-07 17:19:46'),
(757, 146, 12, 54, '2025-04-07 17:19:46'),
(758, 146, 12, 55, '2025-04-07 17:19:46'),
(759, 146, 13, 58, '2025-04-07 17:19:46'),
(760, 146, 14, 63, '2025-04-07 17:19:46'),
(761, 146, 15, 68, '2025-04-07 17:19:46'),
(762, 147, 11, 48, '2025-04-07 17:19:46'),
(763, 147, 12, 52, '2025-04-07 17:19:46'),
(764, 147, 13, 59, '2025-04-07 17:19:46'),
(765, 147, 14, 64, '2025-04-07 17:19:46'),
(766, 147, 15, 69, '2025-04-07 17:19:46'),
(767, 148, 11, 49, '2025-04-07 17:19:46'),
(768, 148, 12, 53, '2025-04-07 17:19:46'),
(769, 148, 13, 60, '2025-04-07 17:19:46'),
(770, 148, 14, 65, '2025-04-07 17:19:46'),
(771, 148, 15, 70, '2025-04-07 17:19:46'),
(772, 149, 11, 50, '2025-04-07 17:19:46'),
(773, 149, 12, 54, '2025-04-07 17:19:46'),
(774, 149, 13, 57, '2025-04-07 17:19:46'),
(775, 149, 14, 62, '2025-04-07 17:19:46'),
(776, 149, 15, 67, '2025-04-07 17:19:46'),
(777, 150, 11, 51, '2025-04-07 17:19:46'),
(778, 150, 12, 55, '2025-04-07 17:19:46'),
(779, 150, 13, 58, '2025-04-07 17:19:46'),
(780, 150, 14, 63, '2025-04-07 17:19:46'),
(781, 150, 15, 68, '2025-04-07 17:19:46'),
(782, 151, 16, 72, '2025-04-07 17:22:06'),
(783, 151, 17, 77, '2025-04-07 17:22:06'),
(784, 151, 17, 78, '2025-04-07 17:22:06'),
(785, 151, 18, 82, '2025-04-07 17:22:06'),
(786, 151, 19, 87, '2025-04-07 17:22:06'),
(787, 151, 20, 91, '2025-04-07 17:22:06'),
(788, 152, 16, 73, '2025-04-07 17:22:06'),
(789, 152, 17, 79, '2025-04-07 17:22:06'),
(790, 152, 18, 83, '2025-04-07 17:22:06'),
(791, 152, 19, 88, '2025-04-07 17:22:06'),
(792, 152, 20, 92, '2025-04-07 17:22:06'),
(793, 153, 16, 74, '2025-04-07 17:22:06'),
(794, 153, 17, 80, '2025-04-07 17:22:06'),
(795, 153, 18, 84, '2025-04-07 17:22:06'),
(796, 153, 19, 89, '2025-04-07 17:22:06'),
(797, 153, 20, 93, '2025-04-07 17:22:06'),
(798, 154, 16, 75, '2025-04-07 17:22:06'),
(799, 154, 17, 81, '2025-04-07 17:22:06'),
(800, 154, 18, 85, '2025-04-07 17:22:06'),
(801, 154, 19, 90, '2025-04-07 17:22:06'),
(802, 154, 20, 94, '2025-04-07 17:22:06'),
(803, 155, 16, 76, '2025-04-07 17:22:06'),
(804, 155, 17, 77, '2025-04-07 17:22:06'),
(805, 155, 18, 82, '2025-04-07 17:22:06'),
(806, 155, 19, 87, '2025-04-07 17:22:06'),
(807, 155, 20, 91, '2025-04-07 17:22:06'),
(808, 156, 16, 72, '2025-04-07 17:22:06'),
(809, 156, 17, 78, '2025-04-07 17:22:06'),
(810, 156, 17, 79, '2025-04-07 17:22:06'),
(811, 156, 18, 83, '2025-04-07 17:22:06'),
(812, 156, 19, 88, '2025-04-07 17:22:06'),
(813, 156, 20, 92, '2025-04-07 17:22:06'),
(814, 157, 16, 73, '2025-04-07 17:22:06'),
(815, 157, 17, 80, '2025-04-07 17:22:06'),
(816, 157, 18, 84, '2025-04-07 17:22:06'),
(817, 157, 19, 89, '2025-04-07 17:22:06'),
(818, 157, 20, 93, '2025-04-07 17:22:06'),
(819, 158, 16, 74, '2025-04-07 17:22:06'),
(820, 158, 17, 81, '2025-04-07 17:22:06'),
(821, 158, 18, 85, '2025-04-07 17:22:06'),
(822, 158, 19, 90, '2025-04-07 17:22:06'),
(823, 158, 20, 94, '2025-04-07 17:22:06'),
(824, 159, 16, 75, '2025-04-07 17:22:06'),
(825, 159, 17, 77, '2025-04-07 17:22:06'),
(826, 159, 18, 82, '2025-04-07 17:22:06'),
(827, 159, 19, 87, '2025-04-07 17:22:06'),
(828, 159, 20, 91, '2025-04-07 17:22:06'),
(829, 160, 16, 76, '2025-04-07 17:22:06'),
(830, 160, 17, 78, '2025-04-07 17:22:06'),
(831, 160, 18, 83, '2025-04-07 17:22:06'),
(832, 160, 19, 88, '2025-04-07 17:22:06'),
(833, 160, 20, 92, '2025-04-07 17:22:06'),
(834, 161, 16, 72, '2025-04-07 17:22:06'),
(835, 161, 17, 79, '2025-04-07 17:22:06'),
(836, 161, 17, 80, '2025-04-07 17:22:06'),
(837, 161, 18, 84, '2025-04-07 17:22:06'),
(838, 161, 19, 89, '2025-04-07 17:22:06'),
(839, 161, 20, 93, '2025-04-07 17:22:06'),
(840, 162, 16, 73, '2025-04-07 17:22:06'),
(841, 162, 17, 81, '2025-04-07 17:22:06'),
(842, 162, 18, 85, '2025-04-07 17:22:06'),
(843, 162, 19, 90, '2025-04-07 17:22:06'),
(844, 162, 20, 94, '2025-04-07 17:22:06'),
(845, 163, 16, 74, '2025-04-07 17:22:06'),
(846, 163, 17, 77, '2025-04-07 17:22:06'),
(847, 163, 18, 82, '2025-04-07 17:22:06'),
(848, 163, 19, 87, '2025-04-07 17:22:06'),
(849, 163, 20, 91, '2025-04-07 17:22:06'),
(850, 164, 16, 75, '2025-04-07 17:22:06'),
(851, 164, 17, 78, '2025-04-07 17:22:06'),
(852, 164, 18, 83, '2025-04-07 17:22:06'),
(853, 164, 19, 88, '2025-04-07 17:22:06'),
(854, 164, 20, 92, '2025-04-07 17:22:06'),
(855, 165, 16, 76, '2025-04-07 17:22:06'),
(856, 165, 17, 79, '2025-04-07 17:22:06'),
(857, 165, 18, 84, '2025-04-07 17:22:06'),
(858, 165, 19, 89, '2025-04-07 17:22:06'),
(859, 165, 20, 93, '2025-04-07 17:22:06'),
(860, 166, 16, 72, '2025-04-07 17:22:06'),
(861, 166, 17, 80, '2025-04-07 17:22:06'),
(862, 166, 18, 85, '2025-04-07 17:22:06'),
(863, 166, 19, 90, '2025-04-07 17:22:06'),
(864, 166, 20, 94, '2025-04-07 17:22:06'),
(865, 167, 16, 73, '2025-04-07 17:22:06'),
(866, 167, 17, 81, '2025-04-07 17:22:06'),
(867, 167, 17, 77, '2025-04-07 17:22:06'),
(868, 167, 18, 82, '2025-04-07 17:22:06'),
(869, 167, 19, 87, '2025-04-07 17:22:06'),
(870, 167, 20, 91, '2025-04-07 17:22:06'),
(871, 168, 16, 74, '2025-04-07 17:22:06'),
(872, 168, 17, 78, '2025-04-07 17:22:06'),
(873, 168, 18, 83, '2025-04-07 17:22:06'),
(874, 168, 19, 88, '2025-04-07 17:22:06'),
(875, 168, 20, 92, '2025-04-07 17:22:06'),
(876, 169, 16, 75, '2025-04-07 17:22:06'),
(877, 169, 17, 79, '2025-04-07 17:22:06'),
(878, 169, 18, 84, '2025-04-07 17:22:06'),
(879, 169, 19, 89, '2025-04-07 17:22:06'),
(880, 169, 20, 93, '2025-04-07 17:22:06'),
(881, 170, 16, 76, '2025-04-07 17:22:06'),
(882, 170, 17, 80, '2025-04-07 17:22:06'),
(883, 170, 18, 85, '2025-04-07 17:22:06'),
(884, 170, 19, 90, '2025-04-07 17:22:06'),
(885, 170, 20, 94, '2025-04-07 17:22:06'),
(886, 171, 16, 72, '2025-04-07 17:22:06'),
(887, 171, 17, 81, '2025-04-07 17:22:06'),
(888, 171, 17, 77, '2025-04-07 17:22:06'),
(889, 171, 18, 82, '2025-04-07 17:22:06'),
(890, 171, 19, 87, '2025-04-07 17:22:06'),
(891, 171, 20, 91, '2025-04-07 17:22:06'),
(892, 172, 16, 73, '2025-04-07 17:22:06'),
(893, 172, 17, 78, '2025-04-07 17:22:06'),
(894, 172, 18, 83, '2025-04-07 17:22:06'),
(895, 172, 19, 88, '2025-04-07 17:22:06'),
(896, 172, 20, 92, '2025-04-07 17:22:06'),
(897, 173, 16, 74, '2025-04-07 17:22:06'),
(898, 173, 17, 79, '2025-04-07 17:22:06'),
(899, 173, 18, 84, '2025-04-07 17:22:06'),
(900, 173, 19, 89, '2025-04-07 17:22:06'),
(901, 173, 20, 93, '2025-04-07 17:22:06'),
(902, 174, 16, 75, '2025-04-07 17:22:06'),
(903, 174, 17, 80, '2025-04-07 17:22:06'),
(904, 174, 18, 85, '2025-04-07 17:22:06'),
(905, 174, 19, 90, '2025-04-07 17:22:06'),
(906, 174, 20, 94, '2025-04-07 17:22:06'),
(907, 175, 16, 76, '2025-04-07 17:22:06'),
(908, 175, 17, 81, '2025-04-07 17:22:06'),
(909, 175, 18, 82, '2025-04-07 17:22:06'),
(910, 175, 19, 87, '2025-04-07 17:22:06'),
(911, 175, 20, 91, '2025-04-07 17:22:06'),
(912, 176, 16, 72, '2025-04-07 17:22:06'),
(913, 176, 17, 77, '2025-04-07 17:22:06'),
(914, 176, 17, 78, '2025-04-07 17:22:06'),
(915, 176, 18, 83, '2025-04-07 17:22:06'),
(916, 176, 19, 88, '2025-04-07 17:22:06'),
(917, 176, 20, 92, '2025-04-07 17:22:06'),
(918, 177, 16, 73, '2025-04-07 17:22:06'),
(919, 177, 17, 79, '2025-04-07 17:22:06'),
(920, 177, 18, 84, '2025-04-07 17:22:06'),
(921, 177, 19, 89, '2025-04-07 17:22:06'),
(922, 177, 20, 93, '2025-04-07 17:22:06'),
(923, 178, 16, 74, '2025-04-07 17:22:06'),
(924, 178, 17, 80, '2025-04-07 17:22:06'),
(925, 178, 18, 85, '2025-04-07 17:22:06'),
(926, 178, 19, 90, '2025-04-07 17:22:06'),
(927, 178, 20, 94, '2025-04-07 17:22:06'),
(928, 179, 16, 75, '2025-04-07 17:22:06'),
(929, 179, 17, 81, '2025-04-07 17:22:06'),
(930, 179, 18, 82, '2025-04-07 17:22:06'),
(931, 179, 19, 87, '2025-04-07 17:22:06'),
(932, 179, 20, 91, '2025-04-07 17:22:06'),
(933, 180, 16, 76, '2025-04-07 17:22:06'),
(934, 180, 17, 77, '2025-04-07 17:22:06'),
(935, 180, 18, 83, '2025-04-07 17:22:06'),
(936, 180, 19, 88, '2025-04-07 17:22:06'),
(937, 180, 20, 92, '2025-04-07 17:22:06'),
(938, 181, 16, 72, '2025-04-07 17:22:06'),
(939, 181, 17, 78, '2025-04-07 17:22:06'),
(940, 181, 17, 79, '2025-04-07 17:22:06'),
(941, 181, 18, 84, '2025-04-07 17:22:06'),
(942, 181, 19, 89, '2025-04-07 17:22:06'),
(943, 181, 20, 93, '2025-04-07 17:22:06'),
(944, 182, 16, 73, '2025-04-07 17:22:06'),
(945, 182, 17, 80, '2025-04-07 17:22:06'),
(946, 182, 18, 85, '2025-04-07 17:22:06'),
(947, 182, 19, 90, '2025-04-07 17:22:06'),
(948, 182, 20, 94, '2025-04-07 17:22:06'),
(949, 183, 16, 74, '2025-04-07 17:22:06'),
(950, 183, 17, 81, '2025-04-07 17:22:06'),
(951, 183, 18, 82, '2025-04-07 17:22:06'),
(952, 183, 19, 87, '2025-04-07 17:22:06'),
(953, 183, 20, 91, '2025-04-07 17:22:06'),
(954, 184, 16, 75, '2025-04-07 17:22:06'),
(955, 184, 17, 77, '2025-04-07 17:22:06'),
(956, 184, 18, 83, '2025-04-07 17:22:06'),
(957, 184, 19, 88, '2025-04-07 17:22:06'),
(958, 184, 20, 92, '2025-04-07 17:22:06'),
(959, 185, 16, 76, '2025-04-07 17:22:06'),
(960, 185, 17, 78, '2025-04-07 17:22:06'),
(961, 185, 18, 84, '2025-04-07 17:22:06'),
(962, 185, 19, 89, '2025-04-07 17:22:06'),
(963, 185, 20, 93, '2025-04-07 17:22:06'),
(964, 186, 16, 72, '2025-04-07 17:22:06'),
(965, 186, 17, 79, '2025-04-07 17:22:06'),
(966, 186, 18, 85, '2025-04-07 17:22:06'),
(967, 186, 19, 90, '2025-04-07 17:22:06'),
(968, 186, 20, 94, '2025-04-07 17:22:06'),
(969, 187, 16, 73, '2025-04-07 17:22:06'),
(970, 187, 17, 80, '2025-04-07 17:22:06'),
(971, 187, 17, 81, '2025-04-07 17:22:06'),
(972, 187, 18, 82, '2025-04-07 17:22:06'),
(973, 187, 19, 87, '2025-04-07 17:22:06'),
(974, 187, 20, 91, '2025-04-07 17:22:06'),
(975, 188, 16, 74, '2025-04-07 17:22:06'),
(976, 188, 17, 77, '2025-04-07 17:22:06'),
(977, 188, 18, 83, '2025-04-07 17:22:06'),
(978, 188, 19, 88, '2025-04-07 17:22:06'),
(979, 188, 20, 92, '2025-04-07 17:22:06'),
(980, 189, 16, 75, '2025-04-07 17:22:06'),
(981, 189, 17, 78, '2025-04-07 17:22:06'),
(982, 189, 18, 84, '2025-04-07 17:22:06'),
(983, 189, 19, 89, '2025-04-07 17:22:06'),
(984, 189, 20, 93, '2025-04-07 17:22:06'),
(985, 190, 16, 76, '2025-04-07 17:22:06'),
(986, 190, 17, 79, '2025-04-07 17:22:06'),
(987, 190, 18, 85, '2025-04-07 17:22:06'),
(988, 190, 19, 90, '2025-04-07 17:22:06'),
(989, 190, 20, 94, '2025-04-07 17:22:06'),
(990, 191, 16, 72, '2025-04-07 17:22:06'),
(991, 191, 17, 80, '2025-04-07 17:22:06'),
(992, 191, 17, 81, '2025-04-07 17:22:06'),
(993, 191, 18, 82, '2025-04-07 17:22:06'),
(994, 191, 19, 87, '2025-04-07 17:22:06'),
(995, 191, 20, 91, '2025-04-07 17:22:06'),
(996, 192, 16, 73, '2025-04-07 17:22:06'),
(997, 192, 17, 77, '2025-04-07 17:22:06'),
(998, 192, 18, 83, '2025-04-07 17:22:06'),
(999, 192, 19, 88, '2025-04-07 17:22:06'),
(1000, 192, 20, 92, '2025-04-07 17:22:06'),
(1001, 193, 16, 74, '2025-04-07 17:22:06'),
(1002, 193, 17, 78, '2025-04-07 17:22:06'),
(1003, 193, 18, 84, '2025-04-07 17:22:06'),
(1004, 193, 19, 89, '2025-04-07 17:22:06'),
(1005, 193, 20, 93, '2025-04-07 17:22:06'),
(1006, 194, 16, 75, '2025-04-07 17:22:06'),
(1007, 194, 17, 79, '2025-04-07 17:22:06'),
(1008, 194, 18, 85, '2025-04-07 17:22:06'),
(1009, 194, 19, 90, '2025-04-07 17:22:06'),
(1010, 194, 20, 94, '2025-04-07 17:22:06'),
(1011, 195, 16, 76, '2025-04-07 17:22:06'),
(1012, 195, 17, 80, '2025-04-07 17:22:06'),
(1013, 195, 18, 82, '2025-04-07 17:22:06'),
(1014, 195, 19, 87, '2025-04-07 17:22:06'),
(1015, 195, 20, 91, '2025-04-07 17:22:06'),
(1016, 196, 16, 72, '2025-04-07 17:22:06'),
(1017, 196, 17, 81, '2025-04-07 17:22:06'),
(1018, 196, 17, 77, '2025-04-07 17:22:06'),
(1019, 196, 18, 83, '2025-04-07 17:22:06'),
(1020, 196, 19, 88, '2025-04-07 17:22:06'),
(1021, 196, 20, 92, '2025-04-07 17:22:06'),
(1022, 197, 16, 73, '2025-04-07 17:22:06'),
(1023, 197, 17, 78, '2025-04-07 17:22:06'),
(1024, 197, 18, 84, '2025-04-07 17:22:06'),
(1025, 197, 19, 89, '2025-04-07 17:22:06'),
(1026, 197, 20, 93, '2025-04-07 17:22:06'),
(1027, 198, 16, 74, '2025-04-07 17:22:06'),
(1028, 198, 17, 79, '2025-04-07 17:22:06'),
(1029, 198, 18, 85, '2025-04-07 17:22:06'),
(1030, 198, 19, 90, '2025-04-07 17:22:06'),
(1031, 198, 20, 94, '2025-04-07 17:22:06'),
(1032, 199, 16, 75, '2025-04-07 17:22:06'),
(1033, 199, 17, 80, '2025-04-07 17:22:06'),
(1034, 199, 18, 82, '2025-04-07 17:22:06'),
(1035, 199, 19, 87, '2025-04-07 17:22:06'),
(1036, 199, 20, 91, '2025-04-07 17:22:06'),
(1037, 200, 16, 76, '2025-04-07 17:22:06'),
(1038, 200, 17, 81, '2025-04-07 17:22:06'),
(1039, 200, 18, 83, '2025-04-07 17:22:06'),
(1040, 200, 19, 88, '2025-04-07 17:22:06'),
(1041, 200, 20, 92, '2025-04-07 17:22:06');

-- --------------------------------------------------------

--
-- Cấu trúc bảng cho bảng `options`
--

CREATE TABLE `options` (
  `id` int(11) NOT NULL,
  `question_id` int(11) NOT NULL,
  `content` text NOT NULL,
  `order_num` int(11) NOT NULL
) ENGINE=InnoDB DEFAULT CHARSET=utf8mb4 COLLATE=utf8mb4_general_ci;

--
-- Đang đổ dữ liệu cho bảng `options`
--

INSERT INTO `options` (`id`, `question_id`, `content`, `order_num`) VALUES
(1, 1, 'Nike', 1),
(2, 1, 'Adidas', 2),
(3, 1, 'Puma', 3),
(4, 1, 'New Balance', 4),
(5, 1, 'Under Armour', 5),
(6, 1, 'Khác', 6),
(7, 2, 'Chạy bộ', 1),
(8, 2, 'Tập gym', 2),
(9, 2, 'Đi chơi', 3),
(10, 2, 'Thể thao chuyên nghiệp', 4),
(11, 2, 'Hằng ngày', 5),
(12, 3, 'Đen', 1),
(13, 3, 'Trắng', 2),
(14, 3, 'Xám', 3),
(15, 3, 'Đỏ', 4),
(16, 3, 'Xanh dương', 5),
(17, 4, '38', 1),
(18, 4, '39', 2),
(19, 4, '40', 3),
(20, 4, '41', 4),
(21, 4, '42', 5),
(22, 5, 'Dưới 500.000 VNĐ', 1),
(23, 5, '500.000 - 1.000.000 VNĐ', 2),
(24, 5, '1.000.000 - 2.000.000 VNĐ', 3),
(25, 5, 'Trên 2.000.000 VNĐ', 4),
(26, 6, 'Cửa hàng chính hãng', 1),
(27, 6, 'Cửa hàng thể thao', 2),
(28, 6, 'Mua online', 3),
(29, 6, 'Chợ hoặc cửa hàng nhỏ', 4),
(30, 6, 'Khác', 5),
(31, 7, 'Độ bền', 1),
(32, 7, 'Thoải mái', 2),
(33, 7, 'Trọng lượng nhẹ', 3),
(34, 7, 'Thiết kế đẹp', 4),
(35, 7, 'Giá cả hợp lý', 5),
(36, 8, 'Cổ thấp', 1),
(37, 8, 'Cổ cao', 2),
(38, 8, 'Dáng ôm chân', 3),
(39, 8, 'Dáng rộng', 4),
(40, 9, 'Dưới 6 tháng', 1),
(41, 9, '6 tháng - 1 năm', 2),
(42, 9, '1 - 2 năm', 3),
(43, 9, 'Trên 2 năm', 4),
(44, 10, 'Hàng tuần', 1),
(45, 10, 'Hàng tháng', 2),
(46, 10, 'Khi bẩn', 3),
(47, 10, 'Hiếm khi', 4),
(48, 11, 'Nike', 1),
(49, 11, 'Adidas', 2),
(50, 11, 'Puma', 3),
(51, 11, 'New Balance', 4),
(52, 11, 'Under Armour', 5),
(53, 12, 'Nike', 1),
(54, 12, 'Adidas', 2),
(55, 12, 'Puma', 3),
(56, 12, 'New Balance', 4),
(57, 12, 'Under Armour', 5),
(58, 13, 'Nike', 1),
(59, 13, 'Adidas', 2),
(60, 13, 'Puma', 3),
(61, 13, 'New Balance', 4),
(62, 13, 'Under Armour', 5),
(63, 14, 'Nike', 1),
(64, 14, 'Adidas', 2),
(65, 14, 'Puma', 3),
(66, 14, 'New Balance', 4),
(67, 14, 'Under Armour', 5),
(68, 15, 'Nike', 1),
(69, 15, 'Adidas', 2),
(70, 15, 'Puma', 3),
(71, 15, 'New Balance', 4),
(72, 15, 'Under Armour', 5),
(73, 16, 'Màu sắc', 1),
(74, 16, 'Kiểu dáng', 2),
(75, 16, 'Chất liệu', 3),
(76, 16, 'Chi tiết trang trí', 4),
(77, 16, 'Tính đơn giản', 5),
(78, 17, 'Tông đơn sắc', 1),
(79, 17, 'Tông tương phản', 2),
(80, 17, 'Tông pastel', 3),
(81, 17, 'Tông neon', 4),
(82, 17, 'Nhiều màu phối hợp', 5),
(83, 18, 'Không họa tiết', 1),
(84, 18, 'Họa tiết kẻ sọc', 2),
(85, 18, 'Họa tiết chấm bi', 3),
(86, 18, 'Họa tiết hoa văn', 4),
(87, 18, 'Họa tiết chữ', 5),
(88, 19, 'Rất quan tâm', 1),
(89, 19, 'Quan tâm vừa phải', 2),
(90, 19, 'Không quan tâm lắm', 3),
(91, 19, 'Hoàn toàn không quan tâm', 4),
(92, 20, 'Bóng hoàn toàn', 1),
(93, 20, 'Bóng nhẹ', 2),
(94, 20, 'Mờ đục', 3),
(95, 20, 'Không bóng', 4);

-- --------------------------------------------------------

--
-- Cấu trúc bảng cho bảng `questions`
--

CREATE TABLE `questions` (
  `id` int(11) NOT NULL,
  `survey_id` int(11) NOT NULL,
  `content` text NOT NULL,
  `question_type` enum('multiple_choice','single_choice') DEFAULT 'single_choice',
  `order_num` int(11) NOT NULL,
  `parent_question_id` int(11) DEFAULT NULL,
  `parent_option_id` int(11) DEFAULT NULL
) ENGINE=InnoDB DEFAULT CHARSET=utf8mb4 COLLATE=utf8mb4_general_ci;

--
-- Đang đổ dữ liệu cho bảng `questions`
--

INSERT INTO `questions` (`id`, `survey_id`, `content`, `question_type`, `order_num`, `parent_question_id`, `parent_option_id`) VALUES
(1, 1, 'Bạn thường mua giày thể thao của hãng nào?', 'single_choice', 1, NULL, NULL),
(2, 1, 'Bạn sử dụng giày thể thao chủ yếu để làm gì?', 'multiple_choice', 2, NULL, NULL),
(3, 1, 'Bạn thích màu sắc nào nhất cho giày thể thao?', 'single_choice', 3, NULL, NULL),
(4, 1, 'Kích cỡ giày bạn thường mang là bao nhiêu?', 'single_choice', 4, NULL, NULL),
(5, 1, 'Bạn sẵn sàng chi bao nhiêu tiền cho một đôi giày thể thao?', 'single_choice', 5, NULL, NULL),
(6, 2, 'Bạn thường mua giày thể thao ở đâu?', 'single_choice', 1, NULL, NULL),
(7, 2, 'Tính năng nào bạn quan tâm nhất khi chọn giày thể thao?', 'multiple_choice', 2, NULL, NULL),
(8, 2, 'Bạn thích kiểu dáng giày thể thao nào?', 'single_choice', 3, NULL, NULL),
(9, 2, 'Bạn thay giày thể thao mới sau bao lâu?', 'single_choice', 4, NULL, NULL),
(10, 2, 'Bạn có thường xuyên vệ sinh giày thể thao không?', 'single_choice', 5, NULL, NULL),
(11, 3, 'Hãng giày thể thao nào bạn biết đến nhiều nhất?', 'single_choice', 1, NULL, NULL),
(12, 3, 'Bạn đã từng sử dụng giày của những hãng nào?', 'multiple_choice', 2, NULL, NULL),
(13, 3, 'Hãng giày nào bạn đánh giá cao về chất lượng?', 'single_choice', 3, NULL, NULL),
(14, 3, 'Bạn thường thấy quảng cáo của hãng giày nào nhiều nhất?', 'single_choice', 4, NULL, NULL),
(15, 3, 'Bạn muốn thử giày của hãng nào trong tương lai?', 'single_choice', 5, NULL, NULL),
(16, 4, 'Yếu tố nào trong thiết kế giày thể thao quan trọng nhất với bạn?', 'single_choice', 1, NULL, NULL),
(17, 4, 'Bạn thích phối màu giày thể thao theo phong cách nào?', 'multiple_choice', 2, NULL, NULL),
(18, 4, 'Bạn thích giày thể thao có họa tiết gì?', 'single_choice', 3, NULL, NULL),
(19, 4, 'Bạn có quan tâm đến logo của hãng trên giày không?', 'single_choice', 4, NULL, NULL),
(20, 4, 'Bạn thích giày thể thao có độ bóng như thế nào?', 'single_choice', 5, NULL, NULL);

-- --------------------------------------------------------

--
-- Cấu trúc bảng cho bảng `responses`
--

CREATE TABLE `responses` (
  `id` int(11) NOT NULL,
  `survey_id` int(11) NOT NULL,
  `user_id` int(11) NOT NULL,
  `completed` tinyint(1) DEFAULT 0,
  `created_at` timestamp NOT NULL DEFAULT current_timestamp()
) ENGINE=InnoDB DEFAULT CHARSET=utf8mb4 COLLATE=utf8mb4_general_ci;

--
-- Đang đổ dữ liệu cho bảng `responses`
--

INSERT INTO `responses` (`id`, `survey_id`, `user_id`, `completed`, `created_at`) VALUES
(1, 1, 1, 1, '2025-04-07 17:13:20'),
(2, 1, 2, 1, '2025-04-07 17:13:20'),
(3, 1, 3, 1, '2025-04-07 17:13:20'),
(4, 1, 4, 1, '2025-04-07 17:13:20'),
(5, 1, 5, 1, '2025-04-07 17:13:20'),
(6, 1, 6, 1, '2025-04-07 17:13:20'),
(7, 1, 7, 1, '2025-04-07 17:13:20'),
(8, 1, 8, 1, '2025-04-07 17:13:20'),
(9, 1, 9, 1, '2025-04-07 17:13:20'),
(10, 1, 10, 1, '2025-04-07 17:13:20'),
(11, 1, 11, 1, '2025-04-07 17:13:20'),
(12, 1, 12, 1, '2025-04-07 17:13:20'),
(13, 1, 13, 1, '2025-04-07 17:13:20'),
(14, 1, 14, 1, '2025-04-07 17:13:20'),
(15, 1, 15, 1, '2025-04-07 17:13:20'),
(16, 1, 16, 1, '2025-04-07 17:13:20'),
(17, 1, 17, 1, '2025-04-07 17:13:20'),
(18, 1, 18, 1, '2025-04-07 17:13:20'),
(19, 1, 19, 1, '2025-04-07 17:13:20'),
(20, 1, 20, 1, '2025-04-07 17:13:20'),
(21, 1, 21, 1, '2025-04-07 17:13:20'),
(22, 1, 22, 1, '2025-04-07 17:13:20'),
(23, 1, 23, 1, '2025-04-07 17:13:20'),
(24, 1, 24, 1, '2025-04-07 17:13:20'),
(25, 1, 25, 1, '2025-04-07 17:13:20'),
(26, 1, 26, 1, '2025-04-07 17:13:20'),
(27, 1, 27, 1, '2025-04-07 17:13:20'),
(28, 1, 28, 1, '2025-04-07 17:13:20'),
(29, 1, 29, 1, '2025-04-07 17:13:20'),
(30, 1, 30, 1, '2025-04-07 17:13:20'),
(31, 1, 31, 1, '2025-04-07 17:13:20'),
(32, 1, 32, 1, '2025-04-07 17:13:20'),
(33, 1, 33, 1, '2025-04-07 17:13:20'),
(34, 1, 34, 1, '2025-04-07 17:13:20'),
(35, 1, 35, 1, '2025-04-07 17:13:20'),
(36, 1, 36, 1, '2025-04-07 17:13:20'),
(37, 1, 37, 1, '2025-04-07 17:13:20'),
(38, 1, 38, 1, '2025-04-07 17:13:20'),
(39, 1, 39, 1, '2025-04-07 17:13:20'),
(40, 1, 40, 1, '2025-04-07 17:13:20'),
(41, 1, 41, 1, '2025-04-07 17:13:20'),
(42, 1, 42, 1, '2025-04-07 17:13:20'),
(43, 1, 43, 1, '2025-04-07 17:13:20'),
(44, 1, 44, 1, '2025-04-07 17:13:20'),
(45, 1, 45, 1, '2025-04-07 17:13:20'),
(46, 1, 46, 1, '2025-04-07 17:13:20'),
(47, 1, 47, 1, '2025-04-07 17:13:20'),
(48, 1, 48, 1, '2025-04-07 17:13:20'),
(49, 1, 49, 1, '2025-04-07 17:13:20'),
(50, 1, 50, 1, '2025-04-07 17:13:20'),
(51, 2, 1, 1, '2025-04-07 17:17:10'),
(52, 2, 2, 1, '2025-04-07 17:17:10'),
(53, 2, 3, 1, '2025-04-07 17:17:10'),
(54, 2, 4, 1, '2025-04-07 17:17:10'),
(55, 2, 5, 1, '2025-04-07 17:17:10'),
(56, 2, 6, 1, '2025-04-07 17:17:10'),
(57, 2, 7, 1, '2025-04-07 17:17:10'),
(58, 2, 8, 1, '2025-04-07 17:17:10'),
(59, 2, 9, 1, '2025-04-07 17:17:10'),
(60, 2, 10, 1, '2025-04-07 17:17:10'),
(61, 2, 11, 1, '2025-04-07 17:17:10'),
(62, 2, 12, 1, '2025-04-07 17:17:10'),
(63, 2, 13, 1, '2025-04-07 17:17:10'),
(64, 2, 14, 1, '2025-04-07 17:17:10'),
(65, 2, 15, 1, '2025-04-07 17:17:10'),
(66, 2, 16, 1, '2025-04-07 17:17:10'),
(67, 2, 17, 1, '2025-04-07 17:17:10'),
(68, 2, 18, 1, '2025-04-07 17:17:10'),
(69, 2, 19, 1, '2025-04-07 17:17:10'),
(70, 2, 20, 1, '2025-04-07 17:17:10'),
(71, 2, 21, 1, '2025-04-07 17:17:10'),
(72, 2, 22, 1, '2025-04-07 17:17:10'),
(73, 2, 23, 1, '2025-04-07 17:17:10'),
(74, 2, 24, 1, '2025-04-07 17:17:10'),
(75, 2, 25, 1, '2025-04-07 17:17:10'),
(76, 2, 26, 1, '2025-04-07 17:17:10'),
(77, 2, 27, 1, '2025-04-07 17:17:10'),
(78, 2, 28, 1, '2025-04-07 17:17:10'),
(79, 2, 29, 1, '2025-04-07 17:17:10'),
(80, 2, 30, 1, '2025-04-07 17:17:10'),
(81, 2, 31, 1, '2025-04-07 17:17:10'),
(82, 2, 32, 1, '2025-04-07 17:17:10'),
(83, 2, 33, 1, '2025-04-07 17:17:10'),
(84, 2, 34, 1, '2025-04-07 17:17:10'),
(85, 2, 35, 1, '2025-04-07 17:17:10'),
(86, 2, 36, 1, '2025-04-07 17:17:10'),
(87, 2, 37, 1, '2025-04-07 17:17:10'),
(88, 2, 38, 1, '2025-04-07 17:17:10'),
(89, 2, 39, 1, '2025-04-07 17:17:10'),
(90, 2, 40, 1, '2025-04-07 17:17:10'),
(91, 2, 41, 1, '2025-04-07 17:17:10'),
(92, 2, 42, 1, '2025-04-07 17:17:10'),
(93, 2, 43, 1, '2025-04-07 17:17:10'),
(94, 2, 44, 1, '2025-04-07 17:17:10'),
(95, 2, 45, 1, '2025-04-07 17:17:10'),
(96, 2, 46, 1, '2025-04-07 17:17:10'),
(97, 2, 47, 1, '2025-04-07 17:17:10'),
(98, 2, 48, 1, '2025-04-07 17:17:10'),
(99, 2, 49, 1, '2025-04-07 17:17:10'),
(100, 2, 50, 1, '2025-04-07 17:17:10'),
(101, 3, 1, 1, '2025-04-07 17:19:45'),
(102, 3, 2, 1, '2025-04-07 17:19:45'),
(103, 3, 3, 1, '2025-04-07 17:19:45'),
(104, 3, 4, 1, '2025-04-07 17:19:45'),
(105, 3, 5, 1, '2025-04-07 17:19:45'),
(106, 3, 6, 1, '2025-04-07 17:19:45'),
(107, 3, 7, 1, '2025-04-07 17:19:45'),
(108, 3, 8, 1, '2025-04-07 17:19:45'),
(109, 3, 9, 1, '2025-04-07 17:19:45'),
(110, 3, 10, 1, '2025-04-07 17:19:45'),
(111, 3, 11, 1, '2025-04-07 17:19:45'),
(112, 3, 12, 1, '2025-04-07 17:19:45'),
(113, 3, 13, 1, '2025-04-07 17:19:45'),
(114, 3, 14, 1, '2025-04-07 17:19:45'),
(115, 3, 15, 1, '2025-04-07 17:19:45'),
(116, 3, 16, 1, '2025-04-07 17:19:45'),
(117, 3, 17, 1, '2025-04-07 17:19:45'),
(118, 3, 18, 1, '2025-04-07 17:19:45'),
(119, 3, 19, 1, '2025-04-07 17:19:45'),
(120, 3, 20, 1, '2025-04-07 17:19:45'),
(121, 3, 21, 1, '2025-04-07 17:19:45'),
(122, 3, 22, 1, '2025-04-07 17:19:45'),
(123, 3, 23, 1, '2025-04-07 17:19:45'),
(124, 3, 24, 1, '2025-04-07 17:19:45'),
(125, 3, 25, 1, '2025-04-07 17:19:45'),
(126, 3, 26, 1, '2025-04-07 17:19:45'),
(127, 3, 27, 1, '2025-04-07 17:19:45'),
(128, 3, 28, 1, '2025-04-07 17:19:45'),
(129, 3, 29, 1, '2025-04-07 17:19:45'),
(130, 3, 30, 1, '2025-04-07 17:19:45'),
(131, 3, 31, 1, '2025-04-07 17:19:45'),
(132, 3, 32, 1, '2025-04-07 17:19:45'),
(133, 3, 33, 1, '2025-04-07 17:19:45'),
(134, 3, 34, 1, '2025-04-07 17:19:45'),
(135, 3, 35, 1, '2025-04-07 17:19:45'),
(136, 3, 36, 1, '2025-04-07 17:19:45'),
(137, 3, 37, 1, '2025-04-07 17:19:45'),
(138, 3, 38, 1, '2025-04-07 17:19:45'),
(139, 3, 39, 1, '2025-04-07 17:19:45'),
(140, 3, 40, 1, '2025-04-07 17:19:45'),
(141, 3, 41, 1, '2025-04-07 17:19:45'),
(142, 3, 42, 1, '2025-04-07 17:19:45'),
(143, 3, 43, 1, '2025-04-07 17:19:45'),
(144, 3, 44, 1, '2025-04-07 17:19:45'),
(145, 3, 45, 1, '2025-04-07 17:19:45'),
(146, 3, 46, 1, '2025-04-07 17:19:45'),
(147, 3, 47, 1, '2025-04-07 17:19:45'),
(148, 3, 48, 1, '2025-04-07 17:19:45'),
(149, 3, 49, 1, '2025-04-07 17:19:45'),
(150, 3, 50, 1, '2025-04-07 17:19:45'),
(151, 4, 1, 1, '2025-04-07 17:22:06'),
(152, 4, 2, 1, '2025-04-07 17:22:06'),
(153, 4, 3, 1, '2025-04-07 17:22:06'),
(154, 4, 4, 1, '2025-04-07 17:22:06'),
(155, 4, 5, 1, '2025-04-07 17:22:06'),
(156, 4, 6, 1, '2025-04-07 17:22:06'),
(157, 4, 7, 1, '2025-04-07 17:22:06'),
(158, 4, 8, 1, '2025-04-07 17:22:06'),
(159, 4, 9, 1, '2025-04-07 17:22:06'),
(160, 4, 10, 1, '2025-04-07 17:22:06'),
(161, 4, 11, 1, '2025-04-07 17:22:06'),
(162, 4, 12, 1, '2025-04-07 17:22:06'),
(163, 4, 13, 1, '2025-04-07 17:22:06'),
(164, 4, 14, 1, '2025-04-07 17:22:06'),
(165, 4, 15, 1, '2025-04-07 17:22:06'),
(166, 4, 16, 1, '2025-04-07 17:22:06'),
(167, 4, 17, 1, '2025-04-07 17:22:06'),
(168, 4, 18, 1, '2025-04-07 17:22:06'),
(169, 4, 19, 1, '2025-04-07 17:22:06'),
(170, 4, 20, 1, '2025-04-07 17:22:06'),
(171, 4, 21, 1, '2025-04-07 17:22:06'),
(172, 4, 22, 1, '2025-04-07 17:22:06'),
(173, 4, 23, 1, '2025-04-07 17:22:06'),
(174, 4, 24, 1, '2025-04-07 17:22:06'),
(175, 4, 25, 1, '2025-04-07 17:22:06'),
(176, 4, 26, 1, '2025-04-07 17:22:06'),
(177, 4, 27, 1, '2025-04-07 17:22:06'),
(178, 4, 28, 1, '2025-04-07 17:22:06'),
(179, 4, 29, 1, '2025-04-07 17:22:06'),
(180, 4, 30, 1, '2025-04-07 17:22:06'),
(181, 4, 31, 1, '2025-04-07 17:22:06'),
(182, 4, 32, 1, '2025-04-07 17:22:06'),
(183, 4, 33, 1, '2025-04-07 17:22:06'),
(184, 4, 34, 1, '2025-04-07 17:22:06'),
(185, 4, 35, 1, '2025-04-07 17:22:06'),
(186, 4, 36, 1, '2025-04-07 17:22:06'),
(187, 4, 37, 1, '2025-04-07 17:22:06'),
(188, 4, 38, 1, '2025-04-07 17:22:06'),
(189, 4, 39, 1, '2025-04-07 17:22:06'),
(190, 4, 40, 1, '2025-04-07 17:22:06'),
(191, 4, 41, 1, '2025-04-07 17:22:06'),
(192, 4, 42, 1, '2025-04-07 17:22:06'),
(193, 4, 43, 1, '2025-04-07 17:22:06'),
(194, 4, 44, 1, '2025-04-07 17:22:06'),
(195, 4, 45, 1, '2025-04-07 17:22:06'),
(196, 4, 46, 1, '2025-04-07 17:22:06'),
(197, 4, 47, 1, '2025-04-07 17:22:06'),
(198, 4, 48, 1, '2025-04-07 17:22:06'),
(199, 4, 49, 1, '2025-04-07 17:22:06'),
(200, 4, 50, 1, '2025-04-07 17:22:06');

-- --------------------------------------------------------

--
-- Cấu trúc bảng cho bảng `surveys`
--

CREATE TABLE `surveys` (
  `id` int(11) NOT NULL,
  `title` varchar(255) NOT NULL,
  `description` text DEFAULT NULL,
  `status` enum('active','inactive') DEFAULT 'active',
  `created_at` timestamp NOT NULL DEFAULT current_timestamp()
) ENGINE=InnoDB DEFAULT CHARSET=utf8mb4 COLLATE=utf8mb4_general_ci;

--
-- Đang đổ dữ liệu cho bảng `surveys`
--

INSERT INTO `surveys` (`id`, `title`, `description`, `status`, `created_at`) VALUES
(1, 'Khảo sát về giày thể thao', 'Tìm hiểu sở thích và thói quen sử dụng giày thể thao của người dùng.', 'active', '2025-04-07 17:13:20'),
(2, 'Khảo sát mua sắm giày thể thao ', 'Khám phá thói quen mua sắm và trải nghiệm sử dụng giày thể thao.', 'active', '2025-04-07 17:17:09'),
(3, 'Khảo sát về hãng giày thể thao', 'Đánh giá nhận thức và sở thích về các thương hiệu giày thể thao.', 'active', '2025-04-07 17:19:45'),
(4, 'Khảo sát về thẩm mỹ giày thể thao', 'Tìm hiểu sở thích về thiết kế và vẻ đẹp của giày thể thao.', 'active', '2025-04-07 17:22:06');

-- --------------------------------------------------------

--
-- Cấu trúc bảng cho bảng `users`
--

CREATE TABLE `users` (
  `id` int(11) NOT NULL,
  `email` varchar(255) NOT NULL,
  `ip_address` varchar(45) NOT NULL,
  `created_at` timestamp NOT NULL DEFAULT current_timestamp()
) ENGINE=InnoDB DEFAULT CHARSET=utf8mb4 COLLATE=utf8mb4_general_ci;

--
-- Đang đổ dữ liệu cho bảng `users`
--

INSERT INTO `users` (`id`, `email`, `ip_address`, `created_at`) VALUES
(1, 'user1@example.com', '192.168.1.1', '2025-04-07 17:13:20'),
(2, 'user2@example.com', '192.168.1.2', '2025-04-07 17:13:20'),
(3, 'user3@example.com', '192.168.1.3', '2025-04-07 17:13:20'),
(4, 'user4@example.com', '192.168.1.4', '2025-04-07 17:13:20'),
(5, 'user5@example.com', '192.168.1.5', '2025-04-07 17:13:20'),
(6, 'user6@example.com', '192.168.1.6', '2025-04-07 17:13:20'),
(7, 'user7@example.com', '192.168.1.7', '2025-04-07 17:13:20'),
(8, 'user8@example.com', '192.168.1.8', '2025-04-07 17:13:20'),
(9, 'user9@example.com', '192.168.1.9', '2025-04-07 17:13:20'),
(10, 'user10@example.com', '192.168.1.10', '2025-04-07 17:13:20'),
(11, 'user11@example.com', '192.168.1.11', '2025-04-07 17:13:20'),
(12, 'user12@example.com', '192.168.1.12', '2025-04-07 17:13:20'),
(13, 'user13@example.com', '192.168.1.13', '2025-04-07 17:13:20'),
(14, 'user14@example.com', '192.168.1.14', '2025-04-07 17:13:20'),
(15, 'user15@example.com', '192.168.1.15', '2025-04-07 17:13:20'),
(16, 'user16@example.com', '192.168.1.16', '2025-04-07 17:13:20'),
(17, 'user17@example.com', '192.168.1.17', '2025-04-07 17:13:20'),
(18, 'user18@example.com', '192.168.1.18', '2025-04-07 17:13:20'),
(19, 'user19@example.com', '192.168.1.19', '2025-04-07 17:13:20'),
(20, 'user20@example.com', '192.168.1.20', '2025-04-07 17:13:20'),
(21, 'user21@example.com', '192.168.1.21', '2025-04-07 17:13:20'),
(22, 'user22@example.com', '192.168.1.22', '2025-04-07 17:13:20'),
(23, 'user23@example.com', '192.168.1.23', '2025-04-07 17:13:20'),
(24, 'user24@example.com', '192.168.1.24', '2025-04-07 17:13:20'),
(25, 'user25@example.com', '192.168.1.25', '2025-04-07 17:13:20'),
(26, 'user26@example.com', '192.168.1.26', '2025-04-07 17:13:20'),
(27, 'user27@example.com', '192.168.1.27', '2025-04-07 17:13:20'),
(28, 'user28@example.com', '192.168.1.28', '2025-04-07 17:13:20'),
(29, 'user29@example.com', '192.168.1.29', '2025-04-07 17:13:20'),
(30, 'user30@example.com', '192.168.1.30', '2025-04-07 17:13:20'),
(31, 'user31@example.com', '192.168.1.31', '2025-04-07 17:13:20'),
(32, 'user32@example.com', '192.168.1.32', '2025-04-07 17:13:20'),
(33, 'user33@example.com', '192.168.1.33', '2025-04-07 17:13:20'),
(34, 'user34@example.com', '192.168.1.34', '2025-04-07 17:13:20'),
(35, 'user35@example.com', '192.168.1.35', '2025-04-07 17:13:20'),
(36, 'user36@example.com', '192.168.1.36', '2025-04-07 17:13:20'),
(37, 'user37@example.com', '192.168.1.37', '2025-04-07 17:13:20'),
(38, 'user38@example.com', '192.168.1.38', '2025-04-07 17:13:20'),
(39, 'user39@example.com', '192.168.1.39', '2025-04-07 17:13:20'),
(40, 'user40@example.com', '192.168.1.40', '2025-04-07 17:13:20'),
(41, 'user41@example.com', '192.168.1.41', '2025-04-07 17:13:20'),
(42, 'user42@example.com', '192.168.1.42', '2025-04-07 17:13:20'),
(43, 'user43@example.com', '192.168.1.43', '2025-04-07 17:13:20'),
(44, 'user44@example.com', '192.168.1.44', '2025-04-07 17:13:20'),
(45, 'user45@example.com', '192.168.1.45', '2025-04-07 17:13:20'),
(46, 'user46@example.com', '192.168.1.46', '2025-04-07 17:13:20'),
(47, 'user47@example.com', '192.168.1.47', '2025-04-07 17:13:20'),
(48, 'user48@example.com', '192.168.1.48', '2025-04-07 17:13:20'),
(49, 'user49@example.com', '192.168.1.49', '2025-04-07 17:13:20'),
(50, 'user50@example.com', '192.168.1.50', '2025-04-07 17:13:20');

--
-- Chỉ mục cho các bảng đã đổ
--

--
-- Chỉ mục cho bảng `admin_users`
--
ALTER TABLE `admin_users`
  ADD PRIMARY KEY (`id`),
  ADD UNIQUE KEY `username` (`username`),
  ADD UNIQUE KEY `email` (`email`);

--
-- Chỉ mục cho bảng `answers`
--
ALTER TABLE `answers`
  ADD PRIMARY KEY (`id`),
  ADD KEY `response_id` (`response_id`),
  ADD KEY `question_id` (`question_id`),
  ADD KEY `option_id` (`option_id`);

--
-- Chỉ mục cho bảng `options`
--
ALTER TABLE `options`
  ADD PRIMARY KEY (`id`),
  ADD KEY `question_id` (`question_id`);

--
-- Chỉ mục cho bảng `questions`
--
ALTER TABLE `questions`
  ADD PRIMARY KEY (`id`),
  ADD KEY `survey_id` (`survey_id`),
  ADD KEY `parent_question_id` (`parent_question_id`);

--
-- Chỉ mục cho bảng `responses`
--
ALTER TABLE `responses`
  ADD PRIMARY KEY (`id`),
  ADD UNIQUE KEY `survey_id` (`survey_id`,`user_id`),
  ADD KEY `user_id` (`user_id`);

--
-- Chỉ mục cho bảng `surveys`
--
ALTER TABLE `surveys`
  ADD PRIMARY KEY (`id`);

--
-- Chỉ mục cho bảng `users`
--
ALTER TABLE `users`
  ADD PRIMARY KEY (`id`),
  ADD UNIQUE KEY `email` (`email`);

--
-- AUTO_INCREMENT cho các bảng đã đổ
--

--
-- AUTO_INCREMENT cho bảng `admin_users`
--
ALTER TABLE `admin_users`
  MODIFY `id` int(11) NOT NULL AUTO_INCREMENT, AUTO_INCREMENT=2;

--
-- AUTO_INCREMENT cho bảng `answers`
--
ALTER TABLE `answers`
  MODIFY `id` int(11) NOT NULL AUTO_INCREMENT, AUTO_INCREMENT=1042;

--
-- AUTO_INCREMENT cho bảng `options`
--
ALTER TABLE `options`
  MODIFY `id` int(11) NOT NULL AUTO_INCREMENT, AUTO_INCREMENT=96;

--
-- AUTO_INCREMENT cho bảng `questions`
--
ALTER TABLE `questions`
  MODIFY `id` int(11) NOT NULL AUTO_INCREMENT, AUTO_INCREMENT=21;

--
-- AUTO_INCREMENT cho bảng `responses`
--
ALTER TABLE `responses`
  MODIFY `id` int(11) NOT NULL AUTO_INCREMENT, AUTO_INCREMENT=201;

--
-- AUTO_INCREMENT cho bảng `surveys`
--
ALTER TABLE `surveys`
  MODIFY `id` int(11) NOT NULL AUTO_INCREMENT, AUTO_INCREMENT=5;

--
-- AUTO_INCREMENT cho bảng `users`
--
ALTER TABLE `users`
  MODIFY `id` int(11) NOT NULL AUTO_INCREMENT, AUTO_INCREMENT=51;

--
-- Các ràng buộc cho các bảng đã đổ
--

--
-- Các ràng buộc cho bảng `answers`
--
ALTER TABLE `answers`
  ADD CONSTRAINT `answers_ibfk_1` FOREIGN KEY (`response_id`) REFERENCES `responses` (`id`) ON DELETE CASCADE,
  ADD CONSTRAINT `answers_ibfk_2` FOREIGN KEY (`question_id`) REFERENCES `questions` (`id`) ON DELETE CASCADE,
  ADD CONSTRAINT `answers_ibfk_3` FOREIGN KEY (`option_id`) REFERENCES `options` (`id`) ON DELETE CASCADE;

--
-- Các ràng buộc cho bảng `options`
--
ALTER TABLE `options`
  ADD CONSTRAINT `options_ibfk_1` FOREIGN KEY (`question_id`) REFERENCES `questions` (`id`) ON DELETE CASCADE;

--
-- Các ràng buộc cho bảng `questions`
--
ALTER TABLE `questions`
  ADD CONSTRAINT `questions_ibfk_1` FOREIGN KEY (`survey_id`) REFERENCES `surveys` (`id`) ON DELETE CASCADE,
  ADD CONSTRAINT `questions_ibfk_2` FOREIGN KEY (`parent_question_id`) REFERENCES `questions` (`id`) ON DELETE SET NULL;

--
-- Các ràng buộc cho bảng `responses`
--
ALTER TABLE `responses`
  ADD CONSTRAINT `responses_ibfk_1` FOREIGN KEY (`survey_id`) REFERENCES `surveys` (`id`) ON DELETE CASCADE,
  ADD CONSTRAINT `responses_ibfk_2` FOREIGN KEY (`user_id`) REFERENCES `users` (`id`) ON DELETE CASCADE;
COMMIT;

/*!40101 SET CHARACTER_SET_CLIENT=@OLD_CHARACTER_SET_CLIENT */;
/*!40101 SET CHARACTER_SET_RESULTS=@OLD_CHARACTER_SET_RESULTS */;
/*!40101 SET COLLATION_CONNECTION=@OLD_COLLATION_CONNECTION */;
